Time,Device name,Chip Time(),Acceleration X(g),Acceleration Y(g),Acceleration Z(g),Angular velocity X(°/s),Angular velocity Y(°/s),Angular velocity Z(°/s),Angle X(°),Angle Y(°),Angle Z(°),Magnetic field X(ʯt),Magnetic field Y(ʯt),Magnetic field Z(ʯt),Temperature(℃),Quaternions 0(),Quaternions 1(),Quaternions 2(),Quaternions 3()
 13:47:50.009,f9:a2:89:42:44:2c, 2085-97-150 250:36:250:-040, -0.677, -0.732, -0.02, -0.427, -0.305, -0.061, 0, 0.005, -52.652, -8.900, 8.253, 36.400, 24.11, 0.69775, -0.4856, 0.52377, -0.0538,
 13:47:50.024,ff:bd:0d:cb:d7:a7, 2085-97-42 00:11:248:-050, 0.021, -0.995, -0.024, -0.427, 0.305, 0.549, 0.005, -0.011, 105.293, 55.800, -3.500, -57.800, 24.36, -0.42957, 0.42844, 0.5733, -0.55054,
 13:47:50.024,ff:bd:0d:cb:d7:a7, 2085-97-42 00:11:248:-049, 0.021, -0.995, -0.024, -0.427, 0.305, 0.549, 0.005, -0.011, 105.293, 55.800, -3.500, -57.800, 24.36, -0.42957, 0.42844, 0.5733, -0.55054,
 13:47:50.024,ff:bd:0d:cb:d7:a7, 2085-113-81 00:03:201:14038, 0.021, -0.995, -0.024, -0.366, 0.305, 0.61, 0.005, -0.011, 105.293, 55.800, -3.500, -57.800, 24.36, -0.42957, 0.42844, 0.5733, -0.55054,
 13:47:50.054,ff:bd:0d:cb:d7:a7, 2085-113-81 00:03:201:14038, 0.021, -0.995, -0.024, -0.366, 0.305, 0.61, 0.005, -0.011, 105.293, 55.800, -3.500, -57.800, 24.36, -0.4296, 0.42841, 0.5733, -0.55054,
 13:47:50.085,ff:bd:0d:cb:d7:a7, 2085-97-42 00:12:248:-050, 0.021, -0.994, -0.024, -0.366, 0.305, 0.61, 0.005, -0.011, 105.293, 55.800, -3.500, -57.800, 24.36, -0.4296, 0.42841, 0.5733, -0.55054,
 13:47:50.085,ff:bd:0d:cb:d7:a7, 2085-97-45 00:12:248:-048, 0.022, -0.994, -0.024, -0.366, 0.305, 0.61, 0.005, -0.011, 105.293, 55.800, -3.500, -57.800, 24.36, -0.4296, 0.42841, 0.5733, -0.55054,
 13:47:50.130,f9:a2:89:42:44:2c, 2085-97-148 250:36:250:-040, -0.677, -0.733, -0.02, -0.427, -0.244, 0, 0, 0.005, -52.652, -8.900, 8.253, 36.400, 24.11, 0.69775, -0.4856, 0.52377, -0.0538,
 13:47:50.159,f9:a2:89:42:44:2c, 2085-113-58 00:82:249:673, -0.678, -0.733, -0.02, -0.427, -0.183, -0.061, 0, 0.005, -52.652, -11.400, 4.487, 37.800, 24.11, 0.69775, -0.4856, 0.52377, -0.0538,
 13:47:50.173,ff:bd:0d:cb:d7:a7, 2085-97-45 00:12:248:-048, 0.021, -0.994, -0.023, -0.427, 0.305, 0.549, 0.005, -0.011, 105.293, 55.800, -3.500, -57.800, 24.36, -0.4296, 0.42841, 0.5733, -0.55054,
 13:47:50.205,ff:bd:0d:cb:d7:a7, 2085-97-42 00:11:248:-050, 0.021, -0.995, -0.024, -0.366, 0.244, 0.549, 0.005, -0.016, 105.293, 55.800, -3.500, -57.800, 24.36, -0.4296, 0.42841, 0.5733, -0.55054,
 13:47:50.205,ff:bd:0d:cb:d7:a7, 2085-97-42 00:12:248:-049, 0.021, -0.995, -0.024, -0.366, 0.244, 0.549, 0.005, -0.016, 105.293, 55.800, -3.500, -57.800, 24.36, -0.4296, 0.42841, 0.5733, -0.55054,
 13:47:50.234,ff:bd:0d:cb:d7:a7, 2085-97-42 00:12:248:-049, 0.02, -0.994, -0.024, -0.366, 0.305, 0.549, 0.005, -0.016, 105.293, 55.800, -3.500, -57.800, 24.36, -0.4296, 0.42841, 0.5733, -0.55054,
 13:47:50.234,ff:bd:0d:cb:d7:a7, 2085-113-58 00:103:32:-1293, 0.02, -0.995, -0.024, -0.427, 0.305, 0.549, 0.005, -0.016, 105.293, 55.800, -3.500, -57.800, 24.36, -0.4296, 0.42841, 0.5733, -0.55054,
 13:47:50.248,f9:a2:89:42:44:2c, 2085-97-148 250:36:250:-040, -0.678, -0.733, -0.02, -0.427, -0.244, -0.061, 0, 0, -52.652, -11.400, 4.487, 37.800, 24.11, 0.69775, -0.48557, 0.52377, -0.05377,
 13:47:50.294,ff:bd:0d:cb:d7:a7, 2085-113-58 00:103:32:-1293, 0.02, -0.995, -0.024, -0.427, 0.305, 0.549, 0.005, -0.016, 105.293, 55.300, -8.620, -59.600, 24.36, -0.4296, 0.42841, 0.5733, -0.55054,
 13:47:50.294,ff:bd:0d:cb:d7:a7, 2085-97-43 00:11:248:-050, 0.021, -0.995, -0.024, -0.427, 0.305, 0.549, 0.005, -0.016, 105.293, 55.300, -8.620, -59.600, 24.36, -0.4296, 0.42841, 0.5733, -0.55054,
 13:47:50.294,ff:bd:0d:cb:d7:a7, 2085-113-81 00:02:201:14038, 0.021, -0.995, -0.024, -0.366, 0.305, 0.61, 0.005, -0.016, 105.293, 55.300, -8.620, -59.600, 24.36, -0.4296, 0.42841, 0.5733, -0.55054,
 13:47:50.370,f9:a2:89:42:44:2c, 2085-97-150 250:36:250:-041, -0.678, -0.732, -0.02, -0.427, -0.244, -0.061, 0, 0.005, -52.652, -11.400, 4.487, 37.800, 24.11, 0.69775, -0.48557, 0.52377, -0.05377,
 13:47:50.384,ff:bd:0d:cb:d7:a7, 2085-113-81 00:02:201:14038, 0.021, -0.995, -0.024, -0.366, 0.305, 0.61, 0.005, -0.016, 105.293, 55.300, -8.620, -59.600, 24.36, -0.42963, 0.42841, 0.5733, -0.55054,
 13:47:50.413,ff:bd:0d:cb:d7:a7, 2085-97-43 00:11:248:-049, 0.021, -0.995, -0.024, -0.366, 0.244, 0.61, 0.005, -0.016, 105.293, 55.300, -8.620, -59.600, 24.36, -0.42963, 0.42841, 0.5733, -0.55054,
 13:47:50.413,ff:bd:0d:cb:d7:a7, 2085-97-42 00:12:248:-049, 0.021, -0.995, -0.024, -0.366, 0.244, 0.61, 0.005, -0.016, 105.293, 55.300, -8.620, -59.600, 24.36, -0.42963, 0.42841, 0.5733, -0.55054,
 13:47:50.429,f9:a2:89:42:44:2c, 2085-97-150 250:37:250:-040, -0.677, -0.733, -0.02, -0.366, -0.244, -0.061, 0, 0.005, -52.652, -11.400, 4.487, 37.800, 24.11, 0.69775, -0.48557, 0.52377, -0.05377,
 13:47:50.444,ff:bd:0d:cb:d7:a7, 2085-97-42 00:12:248:-049, 0.021, -0.994, -0.024, -0.366, 0.366, 0.549, 0.005, -0.016, 105.293, 55.300, -8.620, -59.600, 24.36, -0.42963, 0.42841, 0.5733, -0.55054,
 13:47:50.489,f9:a2:89:42:44:2c, 2085-113-58 00:141:250:1178, -0.677, -0.733, -0.02, -0.366, -0.244, -0.061, 0, 0.005, -52.652, -9.300, 7.853, 35.800, 24.11, 0.69775, -0.48557, 0.52377, -0.05377,
 13:47:50.505,ff:bd:0d:cb:d7:a7, 2085-97-42 00:11:248:-049, 0.021, -0.995, -0.024, -0.427, 0.305, 0.61, 0.005, -0.016, 105.293, 55.300, -8.620, -59.600, 24.36, -0.42963, 0.42841, 0.5733, -0.55054,
 13:47:50.505,ff:bd:0d:cb:d7:a7, 2085-97-43 00:11:248:-051, 0.021, -0.995, -0.024, -0.427, 0.305, 0.61, 0.005, -0.016, 105.293, 55.300, -8.620, -59.600, 24.36, -0.42963, 0.42841, 0.5733, -0.55054,
 13:47:50.505,ff:bd:0d:cb:d7:a7, 2085-113-58 00:148:32:-577, 0.021, -0.995, -0.025, -0.366, 0.305, 0.549, 0.005, -0.016, 105.293, 55.300, -8.620, -59.600, 24.36, -0.42963, 0.42841, 0.5733, -0.55054,
 13:47:50.564,ff:bd:0d:cb:d7:a7, 2085-113-58 00:148:32:-577, 0.021, -0.995, -0.025, -0.366, 0.305, 0.549, 0.005, -0.016, 105.293, 55.600, -3.847, -59.000, 24.36, -0.42963, 0.42841, 0.5733, -0.55054,
 13:47:50.564,ff:bd:0d:cb:d7:a7, 2085-113-81 00:02:201:14038, 0.021, -0.994, -0.023, -0.366, 0.305, 0.61, 0.005, -0.016, 105.293, 55.600, -3.847, -59.000, 24.36, -0.42963, 0.42841, 0.5733, -0.55054,
 13:47:50.564,ff:bd:0d:cb:d7:a7, 2085-113-81 00:02:201:14038, 0.021, -0.994, -0.023, -0.366, 0.305, 0.61, 0.005, -0.016, 105.293, 55.600, -3.847, -59.000, 24.36, -0.42963, 0.42841, 0.5733, -0.55054,
 13:47:50.580,f9:a2:89:42:44:2c, 2085-113-81 00:80:89:-15911, -0.677, -0.732, -0.02, -0.427, -0.244, -0.061, 0, 0.005, -52.652, -9.300, 7.853, 35.800, 24.11, 0.69775, -0.48557, 0.52377, -0.05377,
 13:47:50.625,ff:bd:0d:cb:d7:a7, 2085-113-81 00:02:201:14038, 0.021, -0.994, -0.023, -0.366, 0.305, 0.61, 0.005, -0.016, 105.293, 55.600, -3.847, -59.000, 24.36, -0.42963, 0.42841, 0.5733, -0.55054,
 13:47:50.653,ff:bd:0d:cb:d7:a7, 2085-97-43 00:12:248:-051, 0.021, -0.994, -0.025, -0.366, 0.305, 0.549, 0.005, -0.016, 105.293, 55.600, -3.847, -59.000, 24.36, -0.42963, 0.42841, 0.5733, -0.55054,
 13:47:50.653,ff:bd:0d:cb:d7:a7, 2085-97-43 00:11:248:-049, 0.021, -0.994, -0.025, -0.366, 0.305, 0.549, 0.005, -0.016, 105.293, 55.600, -3.847, -59.000, 24.36, -0.42963, 0.42841, 0.5733, -0.55054,
 13:47:50.670,f9:a2:89:42:44:2c, 2085-97-148 250:35:250:-040, -0.677, -0.733, -0.02, -0.427, -0.305, -0.061, 0, 0.005, -52.652, -9.300, 7.853, 35.800, 24.11, 0.69775, -0.48557, 0.52377, -0.05377,
 13:47:50.684,ff:bd:0d:cb:d7:a7, 2085-97-43 00:11:248:-049, 0.02, -0.995, -0.024, -0.366, 0.305, 0.61, 0.005, -0.016, 105.293, 55.600, -3.847, -59.000, 24.36, -0.42963, 0.42841, 0.5733, -0.55054,
 13:47:50.790,f9:a2:89:42:44:2c, 2085-97-148 250:37:250:-040, -0.678, -0.733, -0.021, -0.427, -0.244, -0.061, 0, 0.005, -52.652, -8.300, 5.067, 36.700, 24.11, 0.69775, -0.48557, 0.52377, -0.05377,
 13:47:50.804,ff:bd:0d:cb:d7:a7, 2085-97-40 00:11:248:-048, 0.02, -0.995, -0.023, -0.366, 0.305, 0.549, 0.005, -0.016, 105.293, 55.600, -3.847, -59.000, 24.36, -0.42963, 0.42841, 0.5733, -0.55054,
 13:47:50.804,ff:bd:0d:cb:d7:a7, 2085-97-44 00:12:248:-051, 0.021, -0.995, -0.023, -0.366, 0.305, 0.549, 0.005, -0.016, 105.293, 55.600, -3.847, -59.000, 24.36, -0.42963, 0.42841, 0.5733, -0.55054,
 13:47:50.804,ff:bd:0d:cb:d7:a7, 2085-97-44 00:12:248:-051, 0.021, -0.994, -0.025, -0.366, 0.244, 0.549, 0.011, -0.016, 105.293, 55.600, -3.847, -59.000, 24.36, -0.42963, 0.42841, 0.5733, -0.55054,
 13:47:50.819,f9:a2:89:42:44:2c, 2085-113-81 00:81:89:-15911, -0.677, -0.733, -0.019, -0.427, -0.244, -0.061, 0.005, 0.005, -52.652, -8.300, 5.067, 36.700, 24.11, 0.69778, -0.48557, 0.52377, -0.05377,
 13:47:50.863,ff:bd:0d:cb:d7:a7, 2085-97-42 00:11:248:-049, 0.021, -0.995, -0.024, -0.366, 0.305, 0.61, 0.005, -0.016, 105.293, 55.600, -3.847, -59.000, 24.36, -0.42963, 0.42841, 0.5733, -0.55054,
 13:47:50.863,ff:bd:0d:cb:d7:a7, 2085-113-58 00:43:32:-1186, 0.021, -0.995, -0.024, -0.366, 0.305, 0.61, 0.005, -0.016, 105.293, 55.600, -3.847, -59.000, 24.36, -0.42963, 0.42841, 0.5733, -0.55054,
 13:47:50.863,ff:bd:0d:cb:d7:a7, 2085-113-58 00:43:32:-1186, 0.021, -0.994, -0.024, -0.427, 0.305, 0.61, 0.011, -0.016, 105.293, 55.600, -3.847, -59.000, 24.36, -0.42963, 0.42841, 0.5733, -0.55054,
 13:47:50.893,ff:bd:0d:cb:d7:a7, 2085-113-58 00:43:32:-1186, 0.021, -0.994, -0.024, -0.427, 0.305, 0.61, 0.011, -0.016, 105.293, 54.900, -7.907, -58.200, 24.36, -0.42963, 0.42841, 0.5733, -0.55054,
 13:47:50.893,ff:bd:0d:cb:d7:a7, 2085-97-41 00:11:248:-047, 0.02, -0.994, -0.024, -0.427, 0.305, 0.61, 0.011, -0.016, 105.293, 54.900, -7.907, -58.200, 24.36, -0.42963, 0.42841, 0.5733, -0.55054,
 13:47:50.939,f9:a2:89:42:44:2c, 2085-97-148 250:35:250:-042, -0.677, -0.732, -0.021, -0.427, -0.305, -0.061, 0.005, 0.005, -52.652, -8.300, 5.067, 36.700, 24.11, 0.69778, -0.48557, 0.52377, -0.05377,
 13:47:50.983,ff:bd:0d:cb:d7:a7, 2085-97-41 00:11:248:-047, 0.021, -0.995, -0.023, -0.366, 0.305, 0.61, 0.011, -0.016, 105.293, 54.900, -7.907, -58.200, 24.36, -0.42963, 0.42838, 0.5733, -0.55054,
 13:47:51.014,ff:bd:0d:cb:d7:a7, 2085-97-43 00:12:248:-052, 0.021, -0.994, -0.025, -0.427, 0.305, 0.549, 0.011, -0.016, 105.293, 54.900, -7.907, -58.200, 24.36, -0.42963, 0.42838, 0.5733, -0.55054,
 13:47:51.014,ff:bd:0d:cb:d7:a7, 2085-97-42 00:12:248:-049, 0.021, -0.994, -0.025, -0.427, 0.305, 0.549, 0.011, -0.016, 105.293, 54.900, -7.907, -58.200, 24.36, -0.42963, 0.42838, 0.5733, -0.55054,
 13:47:51.045,ff:bd:0d:cb:d7:a7, 2085-97-42 00:12:248:-049, 0.021, -0.994, -0.024, -0.366, 0.305, 0.61, 0.011, -0.016, 105.293, 54.900, -7.907, -58.200, 24.36, -0.42963, 0.42838, 0.5733, -0.55054,
 13:47:51.059,f9:a2:89:42:44:2c, 2085-97-148 250:35:250:-040, -0.678, -0.733, -0.02, -0.427, -0.244, -0.061, 0.005, 0.005, -52.652, -8.300, 5.067, 36.700, 24.11, 0.69778, -0.48557, 0.52377, -0.05377,
 13:47:51.059,f9:a2:89:42:44:2c, 2085-113-58 00:06:250:720, -0.678, -0.732, -0.02, -0.427, -0.244, -0.061, 0.005, 0.005, -52.652, -8.300, 5.067, 36.700, 24.11, 0.69778, -0.48557, 0.52377, -0.05377,
 13:47:51.104,ff:bd:0d:cb:d7:a7, 2085-97-43 00:12:248:-049, 0.021, -0.994, -0.024, -0.366, 0.305, 0.549, 0.011, -0.016, 105.293, 54.900, -7.907, -58.200, 24.36, -0.42963, 0.42838, 0.5733, -0.55054,
 13:47:51.104,ff:bd:0d:cb:d7:a7, 2085-97-43 00:12:248:-049, 0.021, -0.994, -0.024, -0.366, 0.305, 0.549, 0.011, -0.016, 105.293, 54.900, -7.907, -58.200, 24.36, -0.42963, 0.42838, 0.5733, -0.55054,
 13:47:51.150,f9:a2:89:42:44:2c, 2085-97-150 250:33:250:-040, -0.678, -0.732, -0.021, -0.427, -0.244, -0.061, 0.005, 0.005, -52.652, -10.200, 4.800, 36.100, 24.11, 0.69778, -0.48557, 0.52377, -0.05377,
 13:47:51.165,ff:bd:0d:cb:d7:a7, 2085-97-43 00:12:248:-049, 0.02, -0.994, -0.024, -0.366, 0.305, 0.61, 0.011, -0.016, 105.293, 54.900, -7.907, -58.200, 24.36, -0.42963, 0.42838, 0.5733, -0.55054,
 13:47:51.208,f9:a2:89:42:44:2c, 2085-113-81 00:81:89:-15911, -0.678, -0.733, -0.02, -0.427, -0.244, -0.061, 0.005, 0.005, -52.652, -10.200, 4.800, 36.100, 24.11, 0.69778, -0.48557, 0.52377, -0.05377,
 13:47:51.225,ff:bd:0d:cb:d7:a7, 2085-97-41 00:11:248:-049, 0.02, -0.995, -0.024, -0.427, 0.305, 0.549, 0.011, -0.016, 105.293, 56.800, -7.227, -58.600, 24.36, -0.42963, 0.42838, 0.5733, -0.55054,
 13:47:51.225,ff:bd:0d:cb:d7:a7, 2085-97-43 00:13:248:-050, 0.021, -0.995, -0.024, -0.427, 0.305, 0.549, 0.011, -0.016, 105.293, 56.800, -7.227, -58.600, 24.36, -0.42963, 0.42838, 0.5733, -0.55054,
 13:47:51.225,ff:bd:0d:cb:d7:a7, 2085-113-81 00:02:201:14037, 0.021, -0.994, -0.024, -0.366, 0.305, 0.61, 0.011, -0.016, 105.293, 56.800, -7.227, -58.600, 24.36, -0.42963, 0.42838, 0.5733, -0.55054,
 13:47:51.253,ff:bd:0d:cb:d7:a7, 2085-113-81 00:02:201:14037, 0.021, -0.994, -0.024, -0.366, 0.305, 0.61, 0.011, -0.016, 105.293, 56.800, -7.227, -58.600, 24.36, -0.42963, 0.42838, 0.5733, -0.55054,
 13:47:51.284,ff:bd:0d:cb:d7:a7, 2085-97-42 00:11:248:-049, 0.021, -0.995, -0.024, -0.366, 0.305, 0.549, 0.011, -0.016, 105.293, 56.800, -7.227, -58.600, 24.36, -0.42963, 0.42838, 0.5733, -0.55054,
 13:47:51.284,ff:bd:0d:cb:d7:a7, 2085-97-44 00:11:248:-050, 0.021, -0.995, -0.024, -0.366, 0.305, 0.549, 0.011, -0.016, 105.293, 56.800, -7.227, -58.600, 24.36, -0.42963, 0.42838, 0.5733, -0.55054,
 13:47:51.330,f9:a2:89:42:44:2c, 2085-97-149 250:35:250:-042, -0.678, -0.732, -0.021, -0.427, -0.244, -0.061, 0.005, 0.005, -52.652, -10.200, 4.800, 36.100, 24.11, 0.69778, -0.48557, 0.52377, -0.05377,
 13:47:51.374,ff:bd:0d:cb:d7:a7, 2085-97-44 00:11:248:-050, 0.021, -0.995, -0.024, -0.366, 0.305, 0.61, 0.011, -0.016, 105.293, 56.800, -7.227, -58.600, 24.36, -0.42963, 0.42838, 0.5733, -0.55054,
 13:47:51.404,ff:bd:0d:cb:d7:a7, 2085-97-43 00:12:248:-049, 0.021, -0.994, -0.024, -0.366, 0.305, 0.61, 0.011, -0.016, 105.293, 56.800, -7.227, -58.600, 24.36, -0.42963, 0.42838, 0.5733, -0.55054,
 13:47:51.404,ff:bd:0d:cb:d7:a7, 2085-97-42 00:12:248:-049, 0.021, -0.994, -0.024, -0.366, 0.305, 0.61, 0.011, -0.016, 105.293, 56.800, -7.227, -58.600, 24.36, -0.42963, 0.42838, 0.5733, -0.55054,
 13:47:51.420,f9:a2:89:42:44:2c, 2085-97-150 250:35:250:-041, -0.677, -0.732, -0.02, -0.427, -0.244, -0.061, 0, 0.005, -52.652, -10.200, 5.220, 35.600, 24.11, 0.69778, -0.48557, 0.52377, -0.05377,
 13:47:51.464,ff:bd:0d:cb:d7:a7, 2085-97-42 00:12:248:-049, 0.008, -0.994, -0.024, -0.366, 0.305, 0.549, 0.011, -0.016, 105.293, 56.800, -7.227, -58.600, 24.36, -0.42963, 0.42838, 0.5733, -0.55054,
 13:47:51.464,ff:bd:0d:cb:d7:a7, 2085-113-58 00:193:32:-1326, 0.008, -0.996, -0.039, 0, 0.488, 0, 0.011, -0.016, 105.293, 56.800, -7.227, -58.600, 24.36, -0.42963, 0.42838, 0.5733, -0.55054,
 13:47:51.494,ff:bd:0d:cb:d7:a7, 2085-113-58 00:193:32:-1326, 0.008, -0.996, -0.039, 0, 0.488, 0, 0.011, -0.016, 105.293, 55.900, -8.840, -58.800, 24.36, -0.42963, 0.42838, 0.5733, -0.55054,
 13:47:51.494,ff:bd:0d:cb:d7:a7, 2085-97-185 255:46:248:-216, -0.035, -0.996, -0.039, 0, 0.488, 0, 0.011, -0.016, 105.293, 55.900, -8.840, -58.800, 24.36, -0.42963, 0.42838, 0.5733, -0.55054,
 13:47:51.539,f9:a2:89:42:44:2c, 2085-97-147 250:37:250:-041, -0.517, -0.732, -0.021, -0.427, -0.244, -0.061, 0, 0.005, -52.652, -10.200, 5.220, 35.600, 24.11, 0.69775, -0.48557, 0.52377, -0.05377,
 13:47:51.584,ff:bd:0d:cb:d7:a7, 2085-97-185 255:46:248:-216, 0.031, -0.978, -0.105, 2.808, 2.014, -44.617, 0.099, -1.642, 105.348, 55.900, -8.840, -58.800, 24.36, -0.44266, 0.4144, 0.58243, -0.54129,
 13:47:51.613,ff:bd:0d:cb:d7:a7, 2085-97-63 00:249:247:-078, 0.031, -1.003, -0.038, 2.441, -0.427, -68.115, 0.203, -4.609, 105.441, 55.900, -8.840, -58.800, 24.36, -0.44266, 0.4144, 0.58243, -0.54129,
 13:47:51.613,ff:bd:0d:cb:d7:a7, 2085-97-143 00:08:248:-052, 0.07, -1.003, -0.038, 2.441, -0.427, -68.115, 0.203, -4.609, 105.441, 55.900, -8.840, -58.800, 24.36, -0.44266, 0.4144, 0.58243, -0.54129,
 13:47:51.629,f9:a2:89:42:44:2c, 2085-97-195 250:09:250:-181, -0.662, -0.867, -0.197, 2.014, -5.737, 6.836, 0.027, 0.027, -52.63, -10.200, 5.220, 35.600, 24.11, 0.69775, -0.48557, 0.52377, -0.05377,
 13:47:51.644,ff:bd:0d:cb:d7:a7, 2085-97-143 00:08:248:-052, 0.175, -0.996, -0.025, 2.869, -0.122, -87.769, 0.319, -8.591, 105.562, 55.900, -8.840, -58.800, 24.36, -0.44266, 0.4144, 0.58243, -0.54129,
 13:47:51.734,ff:bd:0d:cb:d7:a7, 2085-97-103 01:83:248:-016, 0.175, -0.959, -0.008, 2.869, -1.221, -105.713, 0.456, -13.48, 105.705, 55.900, -8.840, -58.800, 24.36, -0.44266, 0.4144, 0.58243, -0.54129,
 13:47:51.734,ff:bd:0d:cb:d7:a7, 2085-97-52 02:189:248:-033, 0.275, -0.959, -0.008, 2.869, -1.221, -105.713, 0.456, -13.48, 105.705, 55.900, -8.840, -58.800, 24.36, -0.44266, 0.4144, 0.58243, -0.54129,
 13:47:51.750,f9:a2:89:42:44:2c, 2085-97-87 250:112:250:032, -0.752, -0.739, -0.004, 12.695, -15.198, 21.851, 2.296, 1.763, -50.993, -6.600, 3.973, 36.000, 24.11, 0.69775, -0.48557, 0.52377, -0.05377,
 13:47:51.765,ff:bd:0d:cb:d7:a7, 2085-97-52 02:189:248:-033, 0.39, -0.908, -0.016, 3.54, -0.732, -115.601, 0.599, -19.056, 105.848, 37.300, -5.787, -59.600, 24.36, -0.44266, 0.4144, 0.58243, -0.54129,
 13:47:51.825,ff:bd:0d:cb:d7:a7, 2085-97-31 03:61:249:-032, 0.39, -0.845, -0.016, 3.784, -0.732, -122.742, 0.747, -25.071, 105.991, 37.300, -5.787, -59.600, 24.36, -0.44266, 0.4144, 0.58243, -0.54129,
 13:47:51.825,ff:bd:0d:cb:d7:a7, 2085-113-81 00:71:184:8507, 0.508, -0.845, -0.016, 3.784, -0.732, -122.742, 0.747, -25.071, 105.991, 37.300, -5.787, -59.600, 24.36, -0.44266, 0.4144, 0.58243, -0.54129,
 13:47:51.825,ff:bd:0d:cb:d7:a7, 2085-113-81 00:71:184:8507, 0.508, -0.782, -0.007, 3.845, -0.793, -124.756, 0.895, -31.344, 106.133, 37.300, -5.787, -59.600, 24.36, -0.44266, 0.4144, 0.58243, -0.54129,
 13:47:51.839,f9:a2:89:42:44:2c, 2085-97-215 249:201:250:219, -0.78, -0.665, 0.085, 11.597, -12.878, 19.043, 5.312, 3.862, -48.763, -6.600, 3.973, 36.000, 24.11, 0.72861, -0.44324, 0.52151, -0.02359,
 13:47:51.855,ff:bd:0d:cb:d7:a7, 2085-113-81 00:71:184:8507, 0.508, -0.782, -0.007, 3.845, -0.793, -124.756, 0.895, -31.344, 106.133, 37.300, -5.787, -59.600, 24.36, -0.56033, 0.25961, 0.6608, -0.42645,
 13:47:51.855,ff:bd:0d:cb:d7:a7, 2085-97-182 04:62:250:-003, 0.589, -0.782, -0.007, 3.845, -0.793, -124.756, 0.895, -31.344, 106.133, 37.300, -5.787, -59.600, 24.36, -0.56033, 0.25961, 0.6608, -0.42645,
 13:47:51.913,ff:bd:0d:cb:d7:a7, 2085-97-182 04:62:250:-003, 0.634, -0.72, -0.001, 3.967, -1.099, -126.221, 1.033, -37.7, 106.271, 37.300, -5.787, -59.600, 24.36, -0.56033, 0.25961, 0.6608, -0.42645,
 13:47:51.959,f9:a2:89:42:44:2c, 2085-97-195 249:229:250:230, -0.774, -0.642, 0.11, 2.502, -3.418, 4.456, 7.147, 5.026, -47.379, -6.600, 3.973, 36.000, 24.11, 0.72861, -0.44324, 0.52151, -0.02359,
 13:47:51.974,ff:bd:0d:cb:d7:a7, 2085-97-18 05:161:250:-008, 0.634, -0.671, -0.004, 3.723, -0.732, -126.16, 1.165, -44.006, 106.397, 37.300, -5.787, -59.600, 24.36, -0.56033, 0.25961, 0.6608, -0.42645,
 13:47:51.974,ff:bd:0d:cb:d7:a7, 2085-97-08 06:125:251:-003, 0.754, -0.671, -0.004, 3.723, -0.732, -126.16, 1.165, -44.006, 106.397, 37.300, -5.787, -59.600, 24.36, -0.56033, 0.25961, 0.6608, -0.42645,
 13:47:51.989,f9:a2:89:42:44:2c, 2085-97-240 249:189:250:168, -0.733, -0.643, 0.105, -8.484, 7.935, -12.085, 6.564, 4.68, -47.84, -6.600, 3.973, 36.000, 24.11, 0.72861, -0.44324, 0.52151, -0.02359,
 13:47:52.034,ff:bd:0d:cb:d7:a7, 2085-97-08 06:125:251:-003, 0.785, -0.564, -0.001, 3.723, -0.732, -122.62, 1.285, -50.262, 106.512, 37.300, -5.787, -59.600, 24.36, -0.56033, 0.25961, 0.6608, -0.42645,
 13:47:52.034,ff:bd:0d:cb:d7:a7, 2085-113-58 00:200:10:-1011, 0.785, -0.497, -0.001, 3.723, -0.793, -123.535, 1.406, -56.387, 106.628, 37.300, -5.787, -59.600, 24.36, -0.56033, 0.25961, 0.6608, -0.42645,
 13:47:52.034,ff:bd:0d:cb:d7:a7, 2085-113-58 00:200:10:-1011, 0.785, -0.497, -0.001, 3.723, -0.793, -123.535, 1.406, -56.387, 106.628, 37.300, -5.787, -59.600, 24.36, -0.56033, 0.25961, 0.6608, -0.42645,
 13:47:52.065,ff:bd:0d:cb:d7:a7, 2085-113-58 00:200:10:-1011, 0.867, -0.497, -0.001, 3.723, -0.793, -123.535, 1.406, -56.387, 106.628, 18.400, -6.740, -45.500, 24.36, -0.56033, 0.25961, 0.6608, -0.42645,
 13:47:52.080,f9:a2:89:42:44:2c, 2085-113-58 00:170:251:441, -0.716, -0.677, 0.055, -15.625, 15.808, -23.254, 3.928, 2.961, -49.828, -7.400, 2.940, 35.800, 24.11, 0.72861, -0.44324, 0.52151, -0.02359,
 13:47:52.094,ff:bd:0d:cb:d7:a7, 2085-97-239 06:244:252:-002, 0.867, -0.381, -0.001, 3.845, -0.732, -122.314, 1.522, -62.567, 106.732, 18.400, -6.740, -45.500, 24.36, -0.56033, 0.25961, 0.6608, -0.42645,
 13:47:52.094,ff:bd:0d:cb:d7:a7, 2085-113-81 00:157:170:1001, 0.902, -0.381, -0.001, 3.845, -0.732, -122.314, 1.522, -62.567, 106.732, 18.400, -6.740, -45.500, 24.36, -0.56033, 0.25961, 0.6608, -0.42645,
 13:47:52.094,ff:bd:0d:cb:d7:a7, 2085-113-81 00:157:170:1001, 0.902, -0.287, 0, 3.662, -0.671, -123.047, 1.642, -68.736, 106.831, 18.400, -6.740, -45.500, 24.36, -0.56033, 0.25961, 0.6608, -0.42645,
 13:47:52.138,f9:a2:89:42:44:2c, 2085-113-81 00:10:90:-15659, -0.689, -0.689, 0.032, -19.226, 19.47, -28.564, 2.131, 1.675, -51.152, -7.400, 2.940, 35.800, 24.11, 0.70343, -0.47787, 0.52377, -0.04849,
 13:47:52.183,ff:bd:0d:cb:d7:a7, 2085-113-81 00:157:170:1001, 0.902, -0.287, 0, 3.662, -0.671, -123.047, 1.642, -68.736, 106.831, 18.400, -6.740, -45.500, 24.36, -0.66708, 0.03055, 0.70596, -0.23569,
 13:47:52.183,ff:bd:0d:cb:d7:a7, 2085-97-136 07:151:254:-004, 0.941, -0.287, 0, 3.662, -0.671, -123.047, 1.642, -68.736, 106.831, 18.400, -6.740, -45.500, 24.36, -0.66708, 0.03055, 0.70596, -0.23569,
 13:47:52.213,ff:bd:0d:cb:d7:a7, 2085-97-136 07:151:254:-004, 0.952, -0.176, -0.002, 3.845, -0.793, -121.582, 1.769, -74.899, 106.913, 18.400, -6.740, -45.500, 24.36, -0.66708, 0.03055, 0.70596, -0.23569,
 13:47:52.258,f9:a2:89:42:44:2c, 2085-97-175 250:42:250:-056, -0.647, -0.71, 0.002, -21.545, 22.034, -32.288, 0.132, 0.137, -52.603, -7.400, 2.940, 35.800, 24.11, 0.70343, -0.47787, 0.52377, -0.04849,
 13:47:52.275,ff:bd:0d:cb:d7:a7, 2085-97-158 07:89:255:007, 0.952, -0.082, 0.003, 3.784, -0.732, -122.253, 1.956, -81.057, 106.946, 18.400, -6.740, -45.500, 24.36, -0.66708, 0.03055, 0.70596, -0.23569,
 13:47:52.275,ff:bd:0d:cb:d7:a7, 2085-97-138 07:17:00:003, 0.942, -0.082, 0.003, 3.784, -0.732, -122.253, 1.956, -81.057, 106.946, 18.400, -6.740, -45.500, 24.36, -0.66708, 0.03055, 0.70596, -0.23569,
 13:47:52.305,ff:bd:0d:cb:d7:a7, 2085-97-138 07:17:00:003, 0.962, 0.008, 0.001, 3.662, -0.854, -122.375, 2.659, -87.177, 106.447, 18.400, -6.740, -45.500, 24.36, -0.66708, 0.03055, 0.70596, -0.23569,
 13:47:52.305,ff:bd:0d:cb:d7:a7, 2085-113-58 00:68:07:-1677, 0.962, 0.128, -0.004, 3.601, -0.732, -120.605, -178.264, -84.359, -72.422, 18.400, -6.740, -45.500, 24.36, -0.66708, 0.03055, 0.70596, -0.23569,
 13:47:52.318,f9:a2:89:42:44:2c, 2085-97-38 251:222:249:-188, -0.566, -0.74, -0.05, -26.001, 26.611, -39.124, -4.197, -3.609, -55.585, -7.400, 2.940, 35.800, 24.11, 0.70343, -0.47787, 0.52377, -0.04849,
 13:47:52.380,f9:a2:89:42:44:2c, 2085-113-58 00:43:243:734, -0.527, -0.789, -0.13, -28.503, 28.992, -42.542, -8.542, -8.031, -58.365, -21.900, 4.893, 34.900, 24.11, 0.70343, -0.47787, 0.52377, -0.04849,
 13:47:52.395,ff:bd:0d:cb:d7:a7, 2085-113-58 00:68:07:-1677, 0.962, 0.128, -0.004, 3.601, -0.732, -120.605, -178.264, -84.359, -72.422, 12.400, -11.180, -22.600, 24.36, -0.66708, 0.03055, 0.70596, -0.23569,
 13:47:52.395,ff:bd:0d:cb:d7:a7, 2085-97-120 07:212:01:-017, 0.934, 0.128, -0.004, 3.601, -0.732, -120.605, -178.264, -84.359, -72.422, 12.400, -11.180, -22.600, 24.36, -0.66708, 0.03055, 0.70596, -0.23569,
 13:47:52.395,ff:bd:0d:cb:d7:a7, 2085-113-81 00:193:165:-5859, 0.934, 0.229, -0.008, 3.723, -0.732, -122.559, -178.011, -78.278, -72.471, 12.400, -11.180, -22.600, 24.36, -0.66708, 0.03055, 0.70596, -0.23569,
 13:47:52.425,ff:bd:0d:cb:d7:a7, 2085-113-81 00:193:165:-5859, 0.932, 0.229, -0.008, 3.723, -0.732, -122.559, -178.011, -78.278, -72.471, 12.400, -11.180, -22.600, 24.36, -0.70505, -0.1788, 0.68481, -0.04285,
 13:47:52.455,ff:bd:0d:cb:d7:a7, 2085-97-117 07:212:02:-024, 0.932, 0.354, -0.012, 3.723, -0.671, -120.117, -177.858, -72.175, -72.416, 12.400, -11.180, -22.600, 24.36, -0.70505, -0.1788, 0.68481, -0.04285,
 13:47:52.455,ff:bd:0d:cb:d7:a7, 2085-97-53 07:159:03:-022, 0.901, 0.354, -0.012, 3.723, -0.671, -120.117, -177.858, -72.175, -72.416, 12.400, -11.180, -22.600, 24.36, -0.70505, -0.1788, 0.68481, -0.04285,
 13:47:52.470,f9:a2:89:42:44:2c, 2085-97-31 252:104:249:-437, -0.447, -0.809, -0.17, -28.381, 29.175, -42.725, -10.624, -10.404, -59.595, -21.900, 4.893, 34.900, 24.11, 0.61304, -0.57959, 0.52188, -0.12567,
 13:47:52.513,ff:bd:0d:cb:d7:a7, 2085-97-53 07:159:03:-022, 0.841, 0.453, -0.011, 3.723, -0.61, -118.896, -177.737, -66.143, -72.328, 12.400, -11.180, -22.600, 24.36, -0.70505, -0.1788, 0.68481, -0.04285,
 13:47:52.575,ff:bd:0d:cb:d7:a7, 2085-97-187 06:67:04:-019, 0.841, 0.533, -0.009, 3.601, -0.732, -117.004, -177.616, -60.222, -72.235, 12.400, -11.180, -22.600, 24.36, -0.70505, -0.1788, 0.68481, -0.04285,
 13:47:52.575,ff:bd:0d:cb:d7:a7, 2085-97-66 06:249:04:-024, 0.782, 0.533, -0.009, 3.601, -0.732, -117.004, -177.616, -60.222, -72.235, 12.400, -11.180, -22.600, 24.36, -0.70505, -0.1788, 0.68481, -0.04285,
 13:47:52.589,f9:a2:89:42:44:2c, 2085-97-195 252:55:249:-575, -0.376, -0.836, -0.242, -29.053, 29.846, -43.64, -14.573, -15.392, -61.738, -21.900, 4.893, 34.900, 24.11, 0.61304, -0.57959, 0.52188, -0.12567,
 13:47:52.634,ff:bd:0d:cb:d7:a7, 2085-97-66 06:249:04:-024, 0.726, 0.622, -0.012, 3.723, -0.671, -119.08, -177.495, -54.261, -72.131, 12.400, -11.180, -22.600, 24.36, -0.70505, -0.1788, 0.68481, -0.04285,
 13:47:52.634,ff:bd:0d:cb:d7:a7, 2085-113-58 00:48:12:-2366, 0.726, 0.701, -0.012, 3.54, -0.793, -116.638, -177.38, -48.323, -72.026, 12.400, -11.180, -22.600, 24.36, -0.70505, -0.1788, 0.68481, -0.04285,
 13:47:52.664,ff:bd:0d:cb:d7:a7, 2085-113-58 00:48:12:-2366, 0.726, 0.701, -0.012, 3.54, -0.793, -116.638, -177.38, -48.323, -72.026, 20.800, -15.773, 7.800, 24.36, -0.70505, -0.1788, 0.68481, -0.04285,
 13:47:52.664,ff:bd:0d:cb:d7:a7, 2085-97-36 05:36:06:-033, 0.643, 0.701, -0.012, 3.54, -0.793, -116.638, -177.38, -48.323, -72.026, 20.800, -15.773, 7.800, 24.36, -0.70505, -0.1788, 0.68481, -0.04285,
 13:47:52.679,f9:a2:89:42:44:2c, 2085-97-101 253:30:249:-694, -0.289, -0.851, -0.299, -28.503, 29.175, -42.725, -18.116, -20.418, -63.397, -33.500, 2.587, 27.300, 24.11, 0.61304, -0.57959, 0.52188, -0.12567,
 13:47:52.695,ff:bd:0d:cb:d7:a7, 2085-97-36 05:36:06:-033, 0.543, 0.768, -0.016, 3.601, -0.793, -118.042, -177.253, -42.424, -71.917, 20.800, -15.773, 7.800, 24.36, -0.70505, -0.1788, 0.68481, -0.04285,
 13:47:52.695,ff:bd:0d:cb:d7:a7, 2085-113-81 00:151:169:-13247, 0.543, 0.828, -0.023, 3.784, -0.732, -120.667, -177.133, -36.464, -71.796, 20.800, -15.773, 7.800, 24.36, -0.70505, -0.1788, 0.68481, -0.04285,
 13:47:52.739,f9:a2:89:42:44:2c, 2085-113-81 00:214:66:-21514, -0.242, -0.864, -0.365, -27.405, 27.832, -40.71, -21.302, -25.373, -64.649, -33.500, 2.587, 27.300, 24.11, 0.52216, -0.65656, 0.50986, -0.19028,
 13:47:52.784,ff:bd:0d:cb:d7:a7, 2085-113-81 00:151:169:-13247, 0.543, 0.828, -0.023, 3.784, -0.732, -120.667, -177.133, -36.464, -71.796, 20.800, -15.773, 7.800, 24.36, -0.67508, -0.40427, 0.58817, 0.18649,
 13:47:52.784,ff:bd:0d:cb:d7:a7, 2085-97-218 03:53:07:-048, 0.481, 0.828, -0.023, 3.784, -0.732, -120.667, -177.133, -36.464, -71.796, 20.800, -15.773, 7.800, 24.36, -0.67508, -0.40427, 0.58817, 0.18649,
 13:47:52.814,ff:bd:0d:cb:d7:a7, 2085-97-218 03:53:07:-048, 0.385, 0.901, -0.023, 3.601, -0.854, -120.728, -176.995, -30.416, -71.669, 20.800, -15.773, 7.800, 24.36, -0.67508, -0.40427, 0.58817, 0.18649,
 13:47:52.829,f9:a2:89:42:44:2c, 2085-97-104 254:07:249:-884, -0.157, -0.872, -0.401, -26.367, 26.794, -39.368, -22.753, -27.751, -65.132, -33.500, 2.587, 27.300, 24.11, 0.52216, -0.65656, 0.50986, -0.19028,
 13:47:52.874,ff:bd:0d:cb:d7:a7, 2085-97-21 03:167:07:-064, 0.385, 0.957, -0.031, 3.723, -0.977, -123.901, -176.858, -24.28, -71.532, 20.800, -15.773, 7.800, 24.36, -0.67508, -0.40427, 0.58817, 0.18649,
 13:47:52.874,ff:bd:0d:cb:d7:a7, 2085-97-76 02:11:08:-077, 0.287, 0.957, -0.031, 3.723, -0.977, -123.901, -176.858, -24.28, -71.532, 20.800, -15.773, 7.800, 24.36, -0.67508, -0.40427, 0.58817, 0.18649,
 13:47:52.904,ff:bd:0d:cb:d7:a7, 2085-97-76 02:11:08:-077, 0.179, 1.005, -0.038, 3.906, -0.671, -124.634, -176.699, -18.018, -71.378, 20.800, -15.773, 7.800, 24.36, -0.67508, -0.40427, 0.58817, 0.18649,
 13:47:52.904,ff:bd:0d:cb:d7:a7, 2085-113-58 00:32:28:-4341, 0.179, 1.032, -0.038, 3.845, -0.671, -125.854, -176.528, -11.684, -71.213, 20.800, -15.773, 7.800, 24.36, -0.67508, -0.40427, 0.58817, 0.18649,
 13:47:52.949,f9:a2:89:42:44:2c, 2085-97-12 255:00:249:-989, -0.09, -0.878, -0.46, -23.804, 24.353, -35.645, -25.406, -32.289, -65.869, -33.500, 2.587, 27.300, 24.11, 0.52216, -0.65656, 0.50986, -0.19028,
 13:47:52.980,f9:a2:89:42:44:2c, 2085-113-58 00:175:231:303, -0.06, -0.861, -0.495, -20.996, 21.301, -31.311, -27.713, -36.392, -66.346, -41.500, 2.020, 20.500, 24.11, 0.52216, -0.65656, 0.50986, -0.19028,
 13:47:52.995,ff:bd:0d:cb:d7:a7, 2085-113-58 00:32:28:-4341, 0.179, 1.032, -0.038, 3.845, -0.671, -125.854, -176.528, -11.684, -71.213, 48.000, -28.940, 33.700, 24.36, -0.67508, -0.40427, 0.58817, 0.18649,
 13:47:52.995,ff:bd:0d:cb:d7:a7, 2085-97-77 00:63:08:-083, 0.038, 1.032, -0.038, 3.845, -0.671, -125.854, -176.528, -11.684, -71.213, 48.000, -28.940, 33.700, 24.36, -0.67508, -0.40427, 0.58817, 0.18649,
 13:47:52.995,ff:bd:0d:cb:d7:a7, 2085-113-81 00:224:180:-18448, 0.038, 1.031, -0.041, 3.967, -0.793, -128.723, -176.342, -5.306, -71.027, 48.000, -28.940, 33.700, 24.36, -0.67508, -0.40427, 0.58817, 0.18649,
 13:47:53.024,ff:bd:0d:cb:d7:a7, 2085-113-81 00:224:180:-18448, -0.062, 1.031, -0.041, 3.967, -0.793, -128.723, -176.342, -5.306, -71.027, 48.000, -28.940, 33.700, 24.36, -0.58691, -0.56299, 0.44998, 0.36874,
 13:47:53.055,ff:bd:0d:cb:d7:a7, 2085-97-130 255:99:08:-093, -0.062, 1.048, -0.045, 4.028, -0.916, -131.226, -176.133, 1.236, -70.818, 48.000, -28.940, 33.700, 24.36, -0.58691, -0.56299, 0.44998, 0.36874,
 13:47:53.055,ff:bd:0d:cb:d7:a7, 2085-97-174 254:104:08:-104, -0.165, 1.048, -0.045, 4.028, -0.916, -131.226, -176.133, 1.236, -70.818, 48.000, -28.940, 33.700, 24.36, -0.58691, -0.56299, 0.44998, 0.36874,
 13:47:53.068,f9:a2:89:42:44:2c, 2085-97-190 255:41:249:-1081, 0, -0.858, -0.511, -19.043, 19.226, -28.32, -28.707, -38.194, -66.5, -41.500, 2.020, 20.500, 24.11, 0.41602, -0.72443, 0.48706, -0.25452,
 13:47:53.113,ff:bd:0d:cb:d7:a7, 2085-97-174 254:104:08:-104, -0.266, 1.051, -0.051, 4.15, -1.099, -133.179, -175.891, 7.861, -70.582, 48.000, -28.940, 33.700, 24.36, -0.58691, -0.56299, 0.44998, 0.36874,
 13:47:53.189,f9:a2:89:42:44:2c, 2085-97-45 00:43:249:-1157, 0.03, -0.854, -0.552, -14.038, 13.977, -20.935, -30.339, -41.182, -66.687, -41.500, 2.020, 20.500, 24.11, 0.41602, -0.72443, 0.48706, -0.25452,
 13:47:53.205,ff:bd:0d:cb:d7:a7, 2085-97-224 253:76:08:-110, -0.266, 1.037, -0.054, 4.089, -0.671, -130.981, -175.616, 14.507, -70.312, 48.000, -28.940, 33.700, 24.36, -0.58691, -0.56299, 0.44998, 0.36874,
 13:47:53.205,ff:bd:0d:cb:d7:a7, 2085-97-237 252:245:07:-114, -0.384, 1.037, -0.054, 4.089, -0.671, -130.981, -175.616, 14.507, -70.312, 48.000, -28.940, 33.700, 24.36, -0.58691, -0.56299, 0.44998, 0.36874,
 13:47:53.234,ff:bd:0d:cb:d7:a7, 2085-97-237 252:245:07:-114, -0.524, 0.995, -0.056, 4.15, -0.854, -132.629, -175.298, 21.171, -69.999, 48.000, -28.940, 33.700, 24.36, -0.58691, -0.56299, 0.44998, 0.36874,
 13:47:53.234,ff:bd:0d:cb:d7:a7, 2085-113-58 00:69:51:-4985, -0.524, 0.928, -0.061, 4.15, -0.793, -132.996, -174.924, 27.773, -69.626, 48.000, -28.940, 33.700, 24.36, -0.58691, -0.56299, 0.44998, 0.36874,
 13:47:53.234,ff:bd:0d:cb:d7:a7, 2085-113-58 00:69:51:-4985, -0.524, 0.928, -0.061, 4.15, -0.793, -132.996, -174.924, 27.773, -69.626, 48.000, -28.940, 33.700, 24.36, -0.58691, -0.56299, 0.44998, 0.36874,
 13:47:53.264,ff:bd:0d:cb:d7:a7, 2085-113-58 00:69:51:-4985, -0.576, 0.928, -0.061, 4.15, -0.793, -132.996, -174.924, 27.773, -69.626, 87.500, -33.233, 36.000, 24.36, -0.58691, -0.56299, 0.44998, 0.36874,
 13:47:53.280,f9:a2:89:42:44:2c, 2085-97-93 00:66:249:-1168, 0.052, -0.841, -0.56, -8.606, 8.301, -12.573, -31.432, -43.198, -66.764, -41.500, 2.020, 20.500, 24.11, 0.41602, -0.72443, 0.48706, -0.25452,
 13:47:53.324,ff:bd:0d:cb:d7:a7, 2085-97-101 251:44:07:-127, -0.576, 0.896, -0.062, 4.028, -0.854, -129.517, -174.474, 34.338, -69.181, 87.500, -33.233, 36.000, 24.36, -0.58691, -0.56299, 0.44998, 0.36874,
 13:47:53.324,ff:bd:0d:cb:d7:a7, 2085-113-81 00:117:204:-22761, -0.647, 0.896, -0.062, 4.028, -0.854, -129.517, -174.474, 34.338, -69.181, 87.500, -33.233, 36.000, 24.36, -0.58691, -0.56299, 0.44998, 0.36874,
 13:47:53.324,ff:bd:0d:cb:d7:a7, 2085-113-81 00:117:204:-22761, -0.647, 0.836, -0.063, 3.906, -0.977, -127.93, -173.93, 40.831, -68.643, 87.500, -33.233, 36.000, 24.36, -0.58691, -0.56299, 0.44998, 0.36874,
 13:47:53.370,f9:a2:89:42:44:2c, 2085-113-58 00:191:230:-804, 0.051, -0.845, -0.573, -3.174, 2.563, -4.395, -31.97, -44.209, -66.786, -43.100, -5.360, 17.300, 24.11, 0.41602, -0.72443, 0.48706, -0.25452,
 13:47:53.383,ff:bd:0d:cb:d7:a7, 2085-113-81 00:117:204:-22761, -0.647, 0.836, -0.063, 3.906, -0.977, -127.93, -173.93, 40.831, -68.643, 87.500, -33.233, 36.000, 24.36, -0.40268, -0.69461, 0.21939, 0.55417,
 13:47:53.383,ff:bd:0d:cb:d7:a7, 2085-97-197 249:200:05:-136, -0.779, 0.836, -0.063, 3.906, -0.977, -127.93, -173.93, 40.831, -68.643, 87.500, -33.233, 36.000, 24.36, -0.40268, -0.69461, 0.21939, 0.55417,
 13:47:53.429,f9:a2:89:42:44:2c, 2085-97-107 00:76:249:-1167, 0.047, -0.838, -0.572, -0.671, 0, -0.549, -32.042, -44.346, -66.791, -43.100, -5.360, 17.300, 24.11, 0.38818, -0.73911, 0.47968, -0.26987,
 13:47:53.444,ff:bd:0d:cb:d7:a7, 2085-97-197 249:200:05:-136, -0.85, 0.723, -0.066, 3.906, -0.854, -126.587, -173.254, 47.192, -67.967, 87.500, -33.233, 36.000, 24.36, -0.40268, -0.69461, 0.21939, 0.55417,
 13:47:53.474,ff:bd:0d:cb:d7:a7, 2085-97-52 249:30:05:-146, -0.85, 0.64, -0.071, 3.906, -0.732, -127.808, -172.359, 53.575, -67.072, 87.500, -33.233, 36.000, 24.36, -0.40268, -0.69461, 0.21939, 0.55417,
 13:47:53.474,ff:bd:0d:cb:d7:a7, 2085-97-179 248:105:04:-153, -0.913, 0.64, -0.071, 3.906, -0.732, -127.808, -172.359, 53.575, -67.072, 87.500, -33.233, 36.000, 24.36, -0.40268, -0.69461, 0.21939, 0.55417,
 13:47:53.505,ff:bd:0d:cb:d7:a7, 2085-97-179 248:105:04:-153, -0.925, 0.551, -0.075, 4.089, -0.732, -128.296, -171.118, 59.908, -65.83, 87.500, -33.233, 36.000, 24.36, -0.40268, -0.69461, 0.21939, 0.55417,
 13:47:53.565,ff:bd:0d:cb:d7:a7, 2085-97-154 248:194:03:-146, -0.925, 0.47, -0.071, 4.089, -0.244, -124.146, -169.25, 66.176, -63.968, 87.500, -33.233, 36.000, 24.36, -0.40268, -0.69461, 0.21939, 0.55417,
 13:47:53.579,f9:a2:89:42:44:2c, 2085-97-71 00:70:249:-1147, 0.021, -0.84, -0.571, 3.723, -4.578, 6.104, -31.849, -44.006, -66.775, -43.100, -5.360, 17.300, 24.11, 0.38818, -0.73911, 0.47968, -0.26987,
 13:47:53.594,ff:bd:0d:cb:d7:a7, 2085-113-58 00:135:60:-5749, -0.949, 0.47, -0.071, 4.089, -0.244, -124.146, -169.25, 66.176, -63.968, 103.300, -38.327, 10.200, 24.36, -0.40268, -0.69461, 0.21939, 0.55417,
 13:47:53.624,ff:bd:0d:cb:d7:a7, 2085-97-105 248:237:02:-124, -0.949, 0.366, -0.061, 3.723, -1.038, -122.131, -166.734, 72.438, -61.507, 103.300, -38.327, 10.200, 24.36, -0.40268, -0.69461, 0.21939, 0.55417,
 13:47:53.624,ff:bd:0d:cb:d7:a7, 2085-97-07 248:248:01:-136, -0.997, 0.366, -0.061, 3.723, -1.038, -122.131, -166.734, 72.438, -61.507, 103.300, -38.327, 10.200, 24.36, -0.40268, -0.69461, 0.21939, 0.55417,
 13:47:53.624,ff:bd:0d:cb:d7:a7, 2085-113-81 00:82:234:-23892, -0.997, 0.246, -0.066, 3.479, -0.977, -119.202, -161.389, 78.344, -56.157, 103.300, -38.327, 10.200, 24.36, -0.40268, -0.69461, 0.21939, 0.55417,
 13:47:53.639,f9:a2:89:42:44:2c, 2085-97-15 00:67:249:-1114, -0.007, -0.841, -0.553, 7.69, -8.789, 12.207, -31.229, -42.874, -66.742, -41.700, -0.727, 18.400, 24.11, 0.38818, -0.73911, 0.47968, -0.26987,
 13:47:53.683,ff:bd:0d:cb:d7:a7, 2085-113-81 00:82:234:-23892, -1.008, 0.246, -0.066, 3.479, -0.977, -119.202, -161.389, 78.344, -56.157, 103.300, -38.327, 10.200, 24.36, -0.16937, -0.72913, -0.03406, 0.66214,
 13:47:53.714,ff:bd:0d:cb:d7:a7, 2085-97-239 247:48:01:-144, -1.008, 0.148, -0.07, 3.662, -0.793, -119.385, -147.486, 83.925, -42.253, 103.300, -38.327, 10.200, 24.36, -0.16937, -0.72913, -0.03406, 0.66214,
 13:47:53.714,ff:bd:0d:cb:d7:a7, 2085-97-190 247:65:00:-145, -1.032, 0.148, -0.07, 3.662, -0.793, -119.385, -147.486, 83.925, -42.253, 103.300, -38.327, 10.200, 24.36, -0.16937, -0.72913, -0.03406, 0.66214,
 13:47:53.758,f9:a2:89:42:44:2c, 2085-97-214 255:33:249:-1098, -0.048, -0.848, -0.54, 11.108, -12.39, 17.395, -30.234, -41.061, -66.66, -41.700, -0.727, 18.400, 24.11, 0.42874, -0.71747, 0.4899, -0.24759,
 13:47:53.804,ff:bd:0d:cb:d7:a7, 2085-97-190 247:65:00:-145, -1.025, 0.032, -0.071, 3.662, -0.732, -119.08, -92.12, 87.479, 13.107, 103.300, -38.327, 10.200, 24.36, -0.16937, -0.72913, -0.03406, 0.66214,
 13:47:53.835,ff:bd:0d:cb:d7:a7, 2085-97-205 247:102:255:-138, -1.025, -0.075, -0.067, 3.601, -0.671, -119.385, -30.723, 84.337, 74.498, 103.300, -38.327, 10.200, 24.36, -0.16937, -0.72913, -0.03406, 0.66214,
 13:47:53.835,ff:bd:0d:cb:d7:a7, 2085-97-215 247:137:254:-138, -1.02, -0.075, -0.067, 3.601, -0.671, -119.385, -30.723, 84.337, 74.498, 103.300, -38.327, 10.200, 24.36, -0.16937, -0.72913, -0.03406, 0.66214,
 13:47:53.835,ff:bd:0d:cb:d7:a7, 2085-113-58 00:78:57:-3911, -1.02, -0.183, -0.067, 3.601, -0.671, -120.117, -15.474, 78.876, 89.747, 103.300, -38.327, 10.200, 24.36, -0.16937, -0.72913, -0.03406, 0.66214,
 13:47:53.850,f9:a2:89:42:44:2c, 2085-97-126 255:16:249:-1058, -0.102, -0.86, -0.518, 14.404, -15.93, 22.522, -28.9, -38.622, -66.506, -41.700, -0.727, 18.400, 24.11, 0.42874, -0.71747, 0.4899, -0.24759,
 13:47:53.893,ff:bd:0d:cb:d7:a7, 2085-113-58 00:78:57:-3911, -0.969, -0.183, -0.067, 3.601, -0.671, -120.117, -15.474, 78.876, 89.747, 97.800, -26.073, -19.700, 24.36, -0.16937, -0.72913, -0.03406, 0.66214,
 13:47:53.909,f9:a2:89:42:44:2c, 2085-97-245 254:11:249:-970, -0.161, -0.866, -0.492, 18.372, -20.081, 28.259, -27.18, -35.513, -66.226, -41.700, -0.727, 18.400, 24.11, 0.42874, -0.71747, 0.4899, -0.24759,
 13:47:53.924,ff:bd:0d:cb:d7:a7, 2085-97-64 248:214:253:-135, -0.969, -0.271, -0.066, 3.601, -0.61, -119.446, -9.728, 73.054, 95.488, 97.800, -26.073, -19.700, 24.36, -0.16937, -0.72913, -0.03406, 0.66214,
 13:47:53.924,ff:bd:0d:cb:d7:a7, 2085-97-165 248:25:253:-120, -0.919, -0.271, -0.066, 3.601, -0.61, -119.446, -9.728, 73.054, 95.488, 97.800, -26.073, -19.700, 24.36, -0.16937, -0.72913, -0.03406, 0.66214,
 13:47:53.924,ff:bd:0d:cb:d7:a7, 2085-113-81 00:139:06:-22365, -0.919, -0.363, -0.059, 3.601, -0.61, -120.667, -6.768, 67.104, 98.454, 97.800, -26.073, -19.700, 24.36, -0.16937, -0.72913, -0.03406, 0.66214,
 13:47:53.969,f9:a2:89:42:44:2c, 2085-113-58 00:141:235:-070, -0.201, -0.873, -0.455, 22.583, -24.536, 34.912, -25.005, -31.674, -65.731, -34.900, -0.467, 26.700, 24.11, 0.42874, -0.71747, 0.4899, -0.24759,
 13:47:53.985,ff:bd:0d:cb:d7:a7, 2085-113-81 00:139:06:-22365, -0.846, -0.363, -0.059, 3.601, -0.61, -120.667, -6.768, 67.104, 98.454, 97.800, -26.073, -19.700, 24.36, 0.05112, -0.68253, -0.25098, 0.68442,
 13:47:53.985,ff:bd:0d:cb:d7:a7, 2085-113-100 00:139:01:000, -0.846, -0.441, -0.058, 3.723, -0.854, -116.821, -4.966, 61.15, 100.25, 97.800, -26.073, -19.700, 24.36, 0.05112, -0.68253, -0.25098, 0.68442,
 13:47:53.985,ff:bd:0d:cb:d7:a7, 2085-113-100 00:139:01:000, -0.846, -0.441, -0.058, 3.723, -0.854, -116.821, -4.966, 61.15, 100.25, 97.800, -26.073, -19.700, 24.36, 0.05112, -0.68253, -0.25098, 0.68442,
 13:47:54.029,f9:a2:89:42:44:2c, 2085-113-81 00:89:65:-21803, -0.229, -0.872, -0.43, 25.024, -27.1, 38.391, -23.703, -29.438, -65.374, -34.900, -0.467, 26.700, 24.11, 0.51053, -0.66537, 0.50723, -0.19803,
 13:47:54.046,ff:bd:0d:cb:d7:a7, 2085-113-100 00:139:01:000, -0.803, -0.441, -0.058, 3.723, -0.854, -116.821, -4.966, 61.15, 100.25, 97.800, -26.073, -19.700, 24.36, 0.05112, -0.68253, -0.25098, 0.68442,
 13:47:54.046,ff:bd:0d:cb:d7:a7, 2085-113-64 00:128:09:000, -0.803, -0.539, -0.055, 3.662, -0.732, -117.065, -3.752, 55.256, 101.464, 97.800, -26.073, -19.700, 24.36, 0.05112, -0.68253, -0.25098, 0.68442,
 13:47:54.046,ff:bd:0d:cb:d7:a7, 2085-113-64 00:128:09:000, -0.803, -0.539, -0.055, 3.662, -0.732, -117.065, -3.752, 55.256, 101.464, 97.800, -26.073, -19.700, 24.36, 0.05112, -0.68253, -0.25098, 0.68442,
 13:47:54.074,ff:bd:0d:cb:d7:a7, 2085-113-64 00:128:09:000, -0.762, -0.539, -0.055, 3.662, -0.732, -117.065, -3.752, 55.256, 101.464, 97.800, -26.073, -19.700, 24.32, 0.05112, -0.68253, -0.25098, 0.68442,
 13:47:54.104,ff:bd:0d:cb:d7:a7, 2085-97-232 249:239:250:-112, -0.762, -0.633, -0.055, 3.662, -0.793, -115.723, -2.878, 49.438, 102.338, 97.800, -26.073, -19.700, 24.32, 0.05112, -0.68253, -0.25098, 0.68442,
 13:47:54.104,ff:bd:0d:cb:d7:a7, 2085-97-150 250:105:250:-108, -0.677, -0.633, -0.055, 3.662, -0.793, -115.723, -2.878, 49.438, 102.338, 97.800, -26.073, -19.700, 24.32, 0.05112, -0.68253, -0.25098, 0.68442,
 13:47:54.150,f9:a2:89:42:44:2c, 2085-97-196 253:07:249:-767, -0.309, -0.88, -0.415, 26.794, -28.87, 41.321, -22.275, -27.043, -64.924, -34.900, -0.467, 26.700, 24.11, 0.51053, -0.66537, 0.50723, -0.19803,
 13:47:54.194,ff:bd:0d:cb:d7:a7, 2085-97-150 250:105:250:-108, -0.62, -0.699, -0.053, 3.662, -0.732, -116.333, -2.214, 43.583, 103.008, 97.800, -26.073, -19.700, 24.32, 0.05112, -0.68253, -0.25098, 0.68442,
 13:47:54.224,ff:bd:0d:cb:d7:a7, 2085-97-10 251:205:249:-101, -0.62, -0.775, -0.049, 3.723, -0.793, -117.371, -1.686, 37.744, 103.535, 97.800, -26.073, -19.700, 24.32, 0.05112, -0.68253, -0.25098, 0.68442,
 13:47:54.224,ff:bd:0d:cb:d7:a7, 2085-97-218 251:112:249:-095, -0.519, -0.775, -0.049, 3.723, -0.793, -117.371, -1.686, 37.744, 103.535, 97.800, -26.073, -19.700, 24.32, 0.05112, -0.68253, -0.25098, 0.68442,
 13:47:54.270,f9:a2:89:42:44:2c, 2085-97-17 253:40:249:-632, -0.406, -0.874, -0.358, 30.884, -33.203, 47.607, -18.962, -21.775, -63.682, -23.000, 3.513, 32.600, 24.11, 0.51053, -0.66537, 0.50723, -0.19803,
 13:47:54.285,ff:bd:0d:cb:d7:a7, 2085-97-218 251:112:249:-095, -0.443, -0.82, -0.046, 3.662, -0.793, -118.591, -1.258, 31.8, 103.975, 97.800, -26.073, -19.700, 24.32, 0.05112, -0.68253, -0.25098, 0.68442,
 13:47:54.285,ff:bd:0d:cb:d7:a7, 2085-113-58 00:182:43:-1435, -0.443, -0.878, -0.041, 3.601, -0.793, -120.178, -0.895, 25.829, 104.343, 97.800, -26.073, -19.700, 24.32, 0.05112, -0.68253, -0.25098, 0.68442,
 13:47:54.315,ff:bd:0d:cb:d7:a7, 2085-113-58 00:182:43:-1435, -0.443, -0.878, -0.041, 3.601, -0.793, -120.178, -0.895, 25.829, 104.343, 74.600, -9.567, -49.600, 24.32, 0.05112, -0.68253, -0.25098, 0.68442,
 13:47:54.316,ff:bd:0d:cb:d7:a7, 2085-97-87 253:190:248:-068, -0.333, -0.878, -0.041, 3.601, -0.793, -120.178, -0.895, 25.829, 104.343, 74.600, -9.567, -49.600, 24.32, 0.05112, -0.68253, -0.25098, 0.68442,
 13:47:54.359,f9:a2:89:42:44:2c, 2085-97-65 252:111:249:-456, -0.521, -0.847, -0.279, 34.668, -36.987, 53.101, -14.914, -15.925, -61.815, -23.000, 3.513, 32.600, 24.11, 0.62756, -0.56601, 0.52216, -0.11407,
 13:47:54.405,ff:bd:0d:cb:d7:a7, 2085-97-87 253:190:248:-068, -0.222, -0.907, -0.033, 3.54, -0.793, -120.789, -0.577, 19.792, 104.672, 74.600, -9.567, -49.600, 24.32, 0.3399, -0.51166, -0.50381, 0.60721,
 13:47:54.433,ff:bd:0d:cb:d7:a7, 2085-97-57 254:150:248:-064, -0.222, -0.927, -0.031, 3.601, -0.793, -122.07, -0.297, 13.7, 104.958, 74.600, -9.567, -49.600, 24.32, 0.3399, -0.51166, -0.50381, 0.60721,
 13:47:54.433,ff:bd:0d:cb:d7:a7, 2085-97-242 254:113:248:-063, -0.132, -0.927, -0.031, 3.601, -0.793, -122.07, -0.297, 13.7, 104.958, 74.600, -9.567, -49.600, 24.32, 0.3399, -0.51166, -0.50381, 0.60721,
 13:47:54.450,f9:a2:89:42:44:2c, 2085-97-96 251:217:249:-220, -0.627, -0.797, -0.167, 35.706, -38.208, 54.932, -10.009, -9.75, -59.117, -23.000, 3.513, 32.600, 24.11, 0.62756, -0.56601, 0.52216, -0.11407,
 13:47:54.463,ff:bd:0d:cb:d7:a7, 2085-97-242 254:113:248:-063, -0.001, -0.945, -0.031, 3.906, -0.732, -123.718, -0.044, 7.548, 105.216, 74.600, -9.567, -49.600, 24.32, 0.3399, -0.51166, -0.50381, 0.60721,
 13:47:54.524,ff:bd:0d:cb:d7:a7, 2085-97-253 255:140:248:-059, -0.001, -0.932, -0.029, 3.967, -0.854, -127.38, 0.181, 1.181, 105.452, 74.600, -9.567, -49.600, 24.32, 0.3399, -0.51166, -0.50381, 0.60721,
 13:47:54.524,ff:bd:0d:cb:d7:a7, 2085-97-179 00:128:248:-043, 0.087, -0.932, -0.029, 3.967, -0.854, -127.38, 0.181, 1.181, 105.452, 74.600, -9.567, -49.600, 24.32, 0.3399, -0.51166, -0.50381, 0.60721,
 13:47:54.570,f9:a2:89:42:44:2c, 2085-97-184 250:56:250:-055, -0.713, -0.741, -0.054, 32.593, -35.034, 50.598, -4.449, -3.906, -55.602, -8.600, 2.960, 33.400, 24.11, 0.62756, -0.56601, 0.52216, -0.11407,
 13:47:54.614,ff:bd:0d:cb:d7:a7, 2085-97-179 00:128:248:-043, 0.221, -0.938, -0.021, 4.272, -0.732, -128.662, 0.39, -5.246, 105.672, 46.200, -5.213, -61.300, 24.32, 0.3399, -0.51166, -0.50381, 0.60721,
 13:47:54.645,ff:bd:0d:cb:d7:a7, 2085-97-197 01:195:248:-033, 0.221, -0.905, -0.016, 3.845, -0.854, -128.174, 0.582, -11.722, 105.87, 46.200, -5.213, -61.300, 24.32, 0.3399, -0.51166, -0.50381, 0.60721,
 13:47:54.645,ff:bd:0d:cb:d7:a7, 2085-113-81 00:220:64:-10966, 0.312, -0.905, -0.016, 3.845, -0.854, -128.174, 0.582, -11.722, 105.87, 46.200, -5.213, -61.300, 24.32, 0.3399, -0.51166, -0.50381, 0.60721,
 13:47:54.645,ff:bd:0d:cb:d7:a7, 2085-113-81 00:220:64:-10966, 0.312, -0.878, -0.009, 4.028, -0.916, -129.456, 0.764, -18.16, 106.062, 46.200, -5.213, -61.300, 24.32, 0.3399, -0.51166, -0.50381, 0.60721,
 13:47:54.659,f9:a2:89:42:44:2c, 2085-97-16 250:172:250:134, -0.772, -0.687, 0.03, 26.001, -28.015, 40.039, 1.165, 0.895, -51.674, -8.600, 2.960, 33.400, 24.11, 0.71982, -0.45688, 0.52155, -0.03149,
 13:47:54.675,ff:bd:0d:cb:d7:a7, 2085-113-81 00:220:64:-10966, 0.312, -0.878, -0.009, 4.028, -0.916, -129.456, 0.764, -18.16, 106.062, 46.200, -5.213, -61.300, 24.32, 0.50671, -0.33466, -0.62741, 0.48734,
 13:47:54.675,ff:bd:0d:cb:d7:a7, 2085-97-142 03:129:249:-024, 0.444, -0.878, -0.009, 4.028, -0.916, -129.456, 0.764, -18.16, 106.062, 46.200, -5.213, -61.300, 24.32, 0.50671, -0.33466, -0.62741, 0.48734,
 13:47:54.733,ff:bd:0d:cb:d7:a7, 2085-97-142 03:129:249:-024, 0.556, -0.812, -0.012, 3.967, -0.671, -126.526, 0.934, -24.598, 106.232, 46.200, -5.213, -61.300, 24.32, 0.50671, -0.33466, -0.62741, 0.48734,
 13:47:54.779,f9:a2:89:42:44:2c, 2085-97-185 249:229:250:247, -0.783, -0.645, 0.103, 13.55, -14.893, 21.118, 5.449, 3.928, -48.466, -8.600, 2.960, 33.400, 24.11, 0.71982, -0.45688, 0.52155, -0.03149,
 13:47:54.795,ff:bd:0d:cb:d7:a7, 2085-97-115 04:05:250:-016, 0.556, -0.748, -0.008, 4.028, -1.038, -124.084, 1.093, -30.959, 106.408, 46.200, -5.213, -61.300, 24.32, 0.50671, -0.33466, -0.62741, 0.48734,
 13:47:54.795,ff:bd:0d:cb:d7:a7, 2085-97-186 04:61:250:-012, 0.591, -0.748, -0.008, 4.028, -1.038, -124.084, 1.093, -30.959, 106.408, 46.200, -5.213, -61.300, 24.32, 0.50671, -0.33466, -0.62741, 0.48734,
 13:47:54.809,f9:a2:89:42:44:2c, 2085-97-191 249:223:250:239, -0.767, -0.637, 0.115, 0.977, -1.77, 2.197, 7.174, 5.026, -47.109, -8.600, 2.960, 33.400, 24.11, 0.71982, -0.45688, 0.52155, -0.03149,
 13:47:54.855,ff:bd:0d:cb:d7:a7, 2085-97-186 04:61:250:-012, 0.677, -0.72, -0.006, 3.723, -0.61, -121.887, 1.241, -37.106, 106.551, 46.200, -5.213, -61.300, 24.32, 0.50671, -0.33466, -0.62741, 0.48734,
 13:47:54.855,ff:bd:0d:cb:d7:a7, 2085-113-58 00:213:12:-743, 0.677, -0.644, -0.004, 3.723, -0.793, -120.911, 1.39, -43.209, 106.705, 46.200, -5.213, -61.300, 24.32, 0.50671, -0.33466, -0.62741, 0.48734,
 13:47:54.855,ff:bd:0d:cb:d7:a7, 2085-113-58 00:213:12:-743, 0.677, -0.644, -0.004, 3.723, -0.793, -120.911, 1.39, -43.209, 106.705, 46.200, -5.213, -61.300, 24.32, 0.50671, -0.33466, -0.62741, 0.48734,
 13:47:54.884,ff:bd:0d:cb:d7:a7, 2085-113-58 00:213:12:-743, 0.719, -0.644, -0.004, 3.723, -0.793, -120.911, 1.39, -43.209, 106.705, 21.900, -4.953, -50.700, 24.32, 0.50671, -0.33466, -0.62741, 0.48734,
 13:47:54.900,f9:a2:89:42:44:2c, 2085-113-58 00:169:252:1171, -0.749, -0.652, 0.097, -9.033, 8.85, -13.062, 6.306, 4.499, -47.741, -5.700, 7.807, 36.200, 24.11, 0.71982, -0.45688, 0.52155, -0.03149,
 13:47:54.915,ff:bd:0d:cb:d7:a7, 2085-97-192 05:94:251:-007, 0.719, -0.579, -0.003, 3.723, -0.793, -123.108, 1.533, -49.263, 106.831, 21.900, -4.953, -50.700, 24.32, 0.50671, -0.33466, -0.62741, 0.48734,
 13:47:54.915,ff:bd:0d:cb:d7:a7, 2085-113-81 00:81:81:-3646, 0.812, -0.579, -0.003, 3.723, -0.793, -123.108, 1.533, -49.263, 106.831, 21.900, -4.953, -50.700, 24.32, 0.50671, -0.33466, -0.62741, 0.48734,
 13:47:54.915,ff:bd:0d:cb:d7:a7, 2085-113-81 00:81:81:-3646, 0.812, -0.468, -0.001, 3.662, -0.732, -123.718, 1.692, -55.443, 106.963, 21.900, -4.953, -50.700, 24.32, 0.50671, -0.33466, -0.62741, 0.48734,
 13:47:54.959,f9:a2:89:42:44:2c, 2085-113-81 00:241:91:-15058, -0.732, -0.665, 0.076, -12.939, 12.695, -18.982, 5.125, 3.735, -48.62, -5.700, 7.807, 36.200, 24.11, 0.71829, -0.45953, 0.52127, -0.0322,
 13:47:55.005,ff:bd:0d:cb:d7:a7, 2085-113-81 00:81:81:-3646, 0.812, -0.468, -0.001, 3.662, -0.732, -123.718, 1.692, -55.443, 106.963, 21.900, -4.953, -50.700, 24.32, 0.63528, -0.11127, -0.69742, 0.31229,
 13:47:55.005,ff:bd:0d:cb:d7:a7, 2085-97-17 07:40:253:000, 0.883, -0.468, -0.001, 3.662, -0.732, -123.718, 1.692, -55.443, 106.963, 21.900, -4.953, -50.700, 24.32, 0.63528, -0.11127, -0.69742, 0.31229,
 13:47:55.034,ff:bd:0d:cb:d7:a7, 2085-97-17 07:40:253:000, 0.908, -0.355, 0, 3.845, -0.854, -123.718, 1.868, -61.672, 107.062, 21.900, -4.953, -50.700, 24.32, 0.63528, -0.11127, -0.69742, 0.31229,
 13:47:55.050,f9:a2:89:42:44:2c, 2085-97-83 250:113:250:049, -0.684, -0.678, 0.05, -16.541, 16.663, -24.597, 3.571, 2.686, -49.752, -5.700, 7.807, 36.200, 24.11, 0.71829, -0.45953, 0.52127, -0.0322,
 13:47:55.095,ff:bd:0d:cb:d7:a7, 2085-97-67 07:230:253:-003, 0.908, -0.263, -0.001, 3.845, -0.671, -123.596, 2.082, -67.885, 107.133, 21.900, -4.953, -50.700, 24.32, 0.63528, -0.11127, -0.69742, 0.31229,
 13:47:55.095,ff:bd:0d:cb:d7:a7, 2085-97-177 07:212:254:005, 0.961, -0.263, -0.001, 3.845, -0.671, -123.596, 2.082, -67.885, 107.133, 21.900, -4.953, -50.700, 24.32, 0.63528, -0.11127, -0.69742, 0.31229,
 13:47:55.125,ff:bd:0d:cb:d7:a7, 2085-97-177 07:212:254:005, 0.925, -0.146, 0.002, 3.906, -1.16, -125.732, 2.428, -74.218, 107.051, 21.900, -4.953, -50.700, 24.32, 0.63528, -0.11127, -0.69742, 0.31229,
 13:47:55.125,ff:bd:0d:cb:d7:a7, 2085-113-58 00:22:08:-1271, 0.925, -0.068, 0.005, 4.089, -0.916, -128.723, 3.082, -80.574, 106.705, 21.900, -4.953, -50.700, 24.32, 0.63528, -0.11127, -0.69742, 0.31229,
 13:47:55.139,f9:a2:89:42:44:2c, 2085-97-166 250:46:250:-049, -0.629, -0.713, -0.005, -22.217, 22.827, -33.386, -0.335, -0.264, -52.542, -5.700, 7.807, 36.200, 24.11, 0.71829, -0.45953, 0.52127, -0.0322,
 13:47:55.199,f9:a2:89:42:44:2c, 2085-113-58 00:146:245:636, -0.597, -0.751, -0.066, -26.794, 27.527, -40.405, -4.757, -4.175, -55.53, -17.800, 4.240, 36.200, 24.11, 0.71829, -0.45953, 0.52127, -0.0322,
 13:47:55.275,ff:bd:0d:cb:d7:a7, 2085-113-58 00:22:08:-1271, 0.925, -0.068, 0.005, 4.089, -0.916, -128.723, 3.082, -80.574, 106.705, 13.800, -8.473, -31.200, 24.32, 0.63528, -0.11127, -0.69742, 0.31229,
 13:47:55.275,ff:bd:0d:cb:d7:a7, 2085-97-171 07:118:00:006, 0.958, -0.068, 0.005, 4.089, -0.916, -128.723, 3.082, -80.574, 106.705, 13.800, -8.473, -31.200, 24.32, 0.63528, -0.11127, -0.69742, 0.31229,
 13:47:55.275,ff:bd:0d:cb:d7:a7, 2085-113-81 00:78:89:3533, 0.958, 0.058, 0.003, 3.723, -0.793, -128.662, 7.795, -87.034, 102.266, 13.800, -8.473, -31.200, 24.32, 0.63528, -0.11127, -0.69742, 0.31229,
 13:47:55.275,ff:bd:0d:cb:d7:a7, 2085-113-81 00:78:89:3533, 0.958, 0.058, 0.003, 3.723, -0.793, -128.662, 7.795, -87.034, 102.266, 13.800, -8.473, -31.200, 24.32, 0.63528, -0.11127, -0.69742, 0.31229,
 13:47:55.289,f9:a2:89:42:44:2c, 2085-97-156 251:162:249:-303, -0.507, -0.769, -0.1, -29.297, 29.724, -43.884, -7.031, -6.443, -56.981, -17.800, 4.240, 36.200, 24.11, 0.63986, -0.55518, 0.52133, -0.10233,
 13:47:55.305,ff:bd:0d:cb:d7:a7, 2085-97-170 07:119:01:-008, 0.958, 0.183, -0.004, 3.967, -0.793, -129.211, 179.786, -84.111, -69.412, 13.800, -8.473, -31.200, 24.32, 0.69769, 0.10782, -0.6976, 0.12192,
 13:47:55.305,ff:bd:0d:cb:d7:a7, 2085-97-126 07:103:02:-013, 0.937, 0.183, -0.004, 3.967, -0.793, -129.211, 179.786, -84.111, -69.412, 13.800, -8.473, -31.200, 24.32, 0.69769, 0.10782, -0.6976, 0.12192,
 13:47:55.334,ff:bd:0d:cb:d7:a7, 2085-97-126 07:103:02:-013, 0.905, 0.3, -0.006, 4.15, -0.671, -126.343, -178.819, -77.684, -70.516, 13.800, -8.473, -31.200, 24.32, 0.69769, 0.10782, -0.6976, 0.12192,
 13:47:55.394,ff:bd:0d:cb:d7:a7, 2085-97-61 07:51:03:-008, 0.905, 0.4, -0.004, 4.028, -0.732, -126.709, -178.374, -71.268, -70.609, 13.800, -8.473, -31.200, 24.32, 0.69769, 0.10782, -0.6976, 0.12192,
 13:47:55.394,ff:bd:0d:cb:d7:a7, 2085-97-164 06:207:03:-016, 0.83, 0.4, -0.004, 4.028, -0.732, -126.709, -178.374, -71.268, -70.609, 13.800, -8.473, -31.200, 24.32, 0.69769, 0.10782, -0.6976, 0.12192,
 13:47:55.410,f9:a2:89:42:44:2c, 2085-97-30 252:129:249:-418, -0.428, -0.811, -0.189, -30.579, 31.494, -46.082, -11.464, -11.448, -59.606, -17.800, 4.240, 36.200, 24.11, 0.63986, -0.55518, 0.52133, -0.10233,
 13:47:55.454,ff:bd:0d:cb:d7:a7, 2085-97-164 06:207:03:-016, 0.812, 0.476, -0.008, 3.967, -0.854, -127.014, -178.105, -64.929, -70.56, 13.800, -8.473, -31.200, 24.32, 0.69769, 0.10782, -0.6976, 0.12192,
 13:47:55.485,ff:bd:0d:cb:d7:a7, 2085-97-127 06:182:04:-016, 0.812, 0.589, -0.008, 3.601, -0.977, -125.61, -177.902, -58.579, -70.439, 13.800, -8.473, -31.200, 24.32, 0.69769, 0.10782, -0.6976, 0.12192,
 13:47:55.485,ff:bd:0d:cb:d7:a7, 2085-97-07 06:149:05:-028, 0.753, 0.589, -0.008, 3.601, -0.977, -125.61, -177.902, -58.579, -70.439, 13.800, -8.473, -31.200, 24.32, 0.69769, 0.10782, -0.6976, 0.12192,
 13:47:55.485,ff:bd:0d:cb:d7:a7, 2085-113-58 00:63:12:-3171, 0.753, 0.698, -0.014, 3.967, -0.732, -126.099, -177.72, -52.224, -70.389, 13.800, -8.473, -31.200, 24.32, 0.69769, 0.10782, -0.6976, 0.12192,
 13:47:55.499,f9:a2:89:42:44:2c, 2085-97-242 252:44:249:-607, -0.334, -0.838, -0.258, -31.25, 31.799, -46.692, -15.546, -16.754, -61.727, -31.400, 5.207, 29.800, 24.11, 0.63986, -0.55518, 0.52133, -0.10233,
 13:47:55.514,ff:bd:0d:cb:d7:a7, 2085-113-58 00:63:12:-3171, 0.658, 0.698, -0.014, 3.967, -0.732, -126.099, -177.72, -52.224, -70.389, 20.900, -21.140, 7.100, 24.32, 0.69769, 0.10782, -0.6976, 0.12192,
 13:47:55.559,f9:a2:89:42:44:2c, 2085-113-81 00:216:69:-21020, -0.283, -0.866, -0.335, -29.48, 30.518, -44.312, -19.188, -22.083, -63.342, -31.400, 5.207, 29.800, 24.11, 0.54565, -0.64148, 0.51065, -0.17285,
 13:47:55.574,ff:bd:0d:cb:d7:a7, 2085-97-67 05:33:06:-037, 0.658, 0.766, -0.018, 4.028, -0.732, -125.366, -177.556, -45.912, -70.318, 20.900, -21.140, 7.100, 24.32, 0.69769, 0.10782, -0.6976, 0.12192,
 13:47:55.604,ff:bd:0d:cb:d7:a7, 2085-113-81 00:255:87:12467, 0.576, 0.766, -0.018, 4.028, -0.732, -125.366, -177.556, -45.912, -70.318, 20.900, -21.140, 7.100, 24.32, 0.68747, 0.38046, -0.60141, -0.14429,
 13:47:55.634,ff:bd:0d:cb:d7:a7, 2085-97-155 04:192:06:-043, 0.576, 0.844, -0.021, 4.089, -0.732, -127.319, -177.391, -39.496, -70.23, 20.900, -21.140, 7.100, 24.32, 0.68747, 0.38046, -0.60141, -0.14429,
 13:47:55.634,ff:bd:0d:cb:d7:a7, 2085-97-196 03:35:07:-056, 0.471, 0.844, -0.021, 4.089, -0.732, -127.319, -177.391, -39.496, -70.23, 20.900, -21.140, 7.100, 24.32, 0.68747, 0.38046, -0.60141, -0.14429,
 13:47:55.649,f9:a2:89:42:44:2c, 2085-97-236 253:31:249:-784, -0.21, -0.871, -0.373, -28.87, 29.724, -43.396, -20.869, -24.719, -63.984, -31.400, 5.207, 29.800, 24.11, 0.54565, -0.64148, 0.51065, -0.17285,
 13:47:55.694,ff:bd:0d:cb:d7:a7, 2085-97-196 03:35:07:-056, 0.404, 0.892, -0.027, 4.028, -0.854, -128.296, -177.237, -33.08, -70.126, 20.900, -21.140, 7.100, 24.32, 0.68747, 0.38046, -0.60141, -0.14429,
 13:47:55.725,ff:bd:0d:cb:d7:a7, 2085-97-59 03:183:07:-057, 0.404, 0.964, -0.028, 3.845, -0.977, -127.502, -177.078, -26.609, -70.005, 20.900, -21.140, 7.100, 24.32, 0.68747, 0.38046, -0.60141, -0.14429,
 13:47:55.725,ff:bd:0d:cb:d7:a7, 2085-97-81 02:05:08:-067, 0.29, 0.964, -0.028, 3.845, -0.977, -127.502, -177.078, -26.609, -70.005, 20.900, -21.140, 7.100, 24.32, 0.68747, 0.38046, -0.60141, -0.14429,
 13:47:55.739,f9:a2:89:42:44:2c, 2085-97-165 254:18:249:-919, -0.115, -0.867, -0.419, -27.405, 28.015, -41.016, -23.923, -29.778, -64.962, -31.400, 5.207, 29.800, 24.11, 0.54565, -0.64148, 0.51065, -0.17285,
 13:47:55.800,f9:a2:89:42:44:2c, 2085-113-58 00:115:231:209, -0.08, -0.875, -0.487, -23.254, 23.804, -34.79, -26.559, -34.376, -65.605, -41.900, 1.393, 20.900, 24.11, 0.54565, -0.64148, 0.51065, -0.17285,
 13:47:55.815,ff:bd:0d:cb:d7:a7, 2085-97-81 02:05:08:-067, 0.175, 1.002, -0.033, 3.845, -0.854, -126.404, -176.913, -20.242, -69.879, 20.900, -21.140, 7.100, 24.32, 0.68747, 0.38046, -0.60141, -0.14429,
 13:47:55.815,ff:bd:0d:cb:d7:a7, 2085-113-58 00:195:30:-4455, 0.175, 1.023, -0.039, 3.784, -0.793, -124.573, -176.743, -13.953, -69.73, 20.900, -21.140, 7.100, 24.32, 0.68747, 0.38046, -0.60141, -0.14429,
 13:47:55.815,ff:bd:0d:cb:d7:a7, 2085-113-58 00:195:30:-4455, 0.175, 1.023, -0.039, 3.784, -0.793, -124.573, -176.743, -13.953, -69.73, 20.900, -21.140, 7.100, 24.32, 0.68747, 0.38046, -0.60141, -0.14429,
 13:47:55.859,f9:a2:89:42:44:2c, 2085-97-132 255:32:249:-1055, -0.031, -0.871, -0.507, -20.996, 21.24, -31.311, -27.675, -36.381, -65.819, -41.900, 1.393, 20.900, 24.11, 0.43634, -0.71582, 0.48843, -0.24188,
 13:47:55.875,ff:bd:0d:cb:d7:a7, 2085-113-58 00:195:30:-4455, 0.079, 1.023, -0.039, 3.784, -0.793, -124.573, -176.743, -13.953, -69.73, 52.500, -29.700, 35.500, 24.32, 0.68747, 0.38046, -0.60141, -0.14429,
 13:47:55.875,ff:bd:0d:cb:d7:a7, 2085-97-161 00:111:08:-084, 0.079, 1.054, -0.041, 3.845, -0.61, -125.244, -176.561, -7.619, -69.571, 52.500, -29.700, 35.500, 24.32, 0.68747, 0.38046, -0.60141, -0.14429,
 13:47:55.875,ff:bd:0d:cb:d7:a7, 2085-97-139 255:77:08:-092, -0.057, 1.054, -0.041, 3.845, -0.61, -125.244, -176.561, -7.619, -69.571, 52.500, -29.700, 35.500, 24.32, 0.68747, 0.38046, -0.60141, -0.14429,
 13:47:55.935,ff:bd:0d:cb:d7:a7, 2085-97-139 255:77:08:-092, -0.161, 1.038, -0.045, 3.906, -0.916, -126.953, -176.364, -1.285, -69.395, 52.500, -29.700, 35.500, 24.32, 0.68747, 0.38046, -0.60141, -0.14429,
 13:47:55.935,ff:bd:0d:cb:d7:a7, 2085-113-81 00:224:72:19451, -0.161, 1.039, -0.05, 4.028, -0.916, -128.784, -176.138, 5.136, -69.186, 52.500, -29.700, 35.500, 24.32, 0.68747, 0.38046, -0.60141, -0.14429,
 13:47:55.949,f9:a2:89:42:44:2c, 2085-113-100 00:135:01:000, -0.009, -0.856, -0.529, -16.418, 16.541, -24.292, -29.526, -39.743, -66.088, -41.900, 1.393, 20.900, 24.11, 0.43634, -0.71582, 0.48843, -0.24188,
 13:47:56.010,f9:a2:89:42:44:2c, 2085-113-64 00:132:09:000, 0.017, -0.852, -0.543, -14.221, 14.221, -21.057, -30.262, -41.105, -66.171, -41.900, 1.393, 20.900, 24.36, 0.43634, -0.71582, 0.48843, -0.24188,
 13:47:56.023,ff:bd:0d:cb:d7:a7, 2085-113-81 00:224:72:19451, -0.161, 1.039, -0.05, 4.028, -0.916, -128.784, -176.138, 5.136, -69.186, 52.500, -29.700, 35.500, 24.32, 0.56934, 0.5936, -0.40961, -0.39447,
 13:47:56.023,ff:bd:0d:cb:d7:a7, 2085-97-204 253:48:08:-101, -0.275, 1.039, -0.05, 4.028, -0.916, -128.784, -176.138, 5.136, -69.186, 52.500, -29.700, 35.500, 24.32, 0.56934, 0.5936, -0.40961, -0.39447,
 13:47:56.054,ff:bd:0d:cb:d7:a7, 2085-97-204 253:48:08:-101, -0.339, 1.023, -0.049, 4.028, -1.038, -131.348, -175.88, 11.646, -68.956, 52.500, -29.700, 35.500, 24.32, 0.56934, 0.5936, -0.40961, -0.39447,
 13:47:56.083,ff:bd:0d:cb:d7:a7, 2085-97-73 253:32:08:-112, -0.339, 1.016, -0.055, 3.906, -0.671, -126.831, -175.594, 18.171, -68.681, 52.500, -29.700, 35.500, 24.32, 0.56934, 0.5936, -0.40961, -0.39447,
 13:47:56.083,ff:bd:0d:cb:d7:a7, 2085-97-97 252:179:07:-115, -0.453, 1.016, -0.055, 3.906, -0.671, -126.831, -175.594, 18.171, -68.681, 52.500, -29.700, 35.500, 24.32, 0.56934, 0.5936, -0.40961, -0.39447,
 13:47:56.128,f9:a2:89:42:44:2c, 2085-97-73 00:50:249:-1166, 0.04, -0.853, -0.561, -11.292, 11.169, -16.785, -30.877, -42.242, -66.22, -41.900, 1.393, 20.900, 24.36, 0.43634, -0.71582, 0.48843, -0.24188,
 13:47:56.144,ff:bd:0d:cb:d7:a7, 2085-97-97 252:179:07:-115, -0.592, 0.962, -0.056, 3.967, -0.732, -126.831, -175.254, 24.637, -68.357, 52.500, -29.700, 35.500, 24.32, 0.56934, 0.5936, -0.40961, -0.39447,
 13:47:56.144,ff:bd:0d:cb:d7:a7, 2085-113-58 00:83:52:-5174, -0.592, 0.88, -0.062, 3.845, -0.732, -126.953, -174.869, 30.987, -67.983, 52.500, -29.700, 35.500, 24.32, 0.56934, 0.5936, -0.40961, -0.39447,
 13:47:56.144,ff:bd:0d:cb:d7:a7, 2085-113-58 00:83:52:-5174, -0.592, 0.88, -0.062, 3.845, -0.732, -126.953, -174.869, 30.987, -67.983, 52.500, -29.700, 35.500, 24.32, 0.56934, 0.5936, -0.40961, -0.39447,
 13:47:56.189,f9:a2:89:42:44:2c, 2085-97-96 00:71:249:-1167, 0.051, -0.838, -0.563, -6.165, 5.737, -8.728, -31.712, -43.786, -66.275, -41.900, 1.393, 20.900, 24.36, 0.43634, -0.71582, 0.48843, -0.24188,
 13:47:56.205,ff:bd:0d:cb:d7:a7, 2085-113-58 00:83:52:-5174, -0.656, 0.88, -0.062, 3.845, -0.732, -126.953, -174.869, 30.987, -67.983, 89.300, -34.493, 34.400, 24.32, 0.56934, 0.5936, -0.40961, -0.39447,
 13:47:56.205,ff:bd:0d:cb:d7:a7, 2085-113-81 00:119:51:22931, -0.656, 0.833, -0.065, 3.906, -0.977, -125.366, -174.402, 37.343, -67.533, 89.300, -34.493, 34.400, 24.32, 0.56934, 0.5936, -0.40961, -0.39447,
 13:47:56.205,ff:bd:0d:cb:d7:a7, 2085-113-81 00:119:51:22931, -0.656, 0.833, -0.065, 3.906, -0.977, -125.366, -174.402, 37.343, -67.533, 89.300, -34.493, 34.400, 24.32, 0.56934, 0.5936, -0.40961, -0.39447,
 13:47:56.279,f9:a2:89:42:44:2c, 2085-113-58 00:11:230:036, 0.048, -0.838, -0.57, -1.282, 0.61, -1.343, -32.031, -44.385, -66.297, -44.300, 0.240, 15.600, 24.36, 0.43634, -0.71582, 0.48843, -0.24188,
 13:47:56.295,ff:bd:0d:cb:d7:a7, 2085-113-81 00:119:51:22931, -0.749, 0.833, -0.065, 3.906, -0.977, -125.366, -174.402, 37.343, -67.533, 89.300, -34.493, 34.400, 24.32, 0.40207, 0.6998, -0.20023, -0.55536,
 13:47:56.295,ff:bd:0d:cb:d7:a7, 2085-97-02 250:02:06:-139, -0.749, 0.751, -0.068, 3.845, -0.793, -125, -173.831, 43.594, -66.973, 89.300, -34.493, 34.400, 24.32, 0.40207, 0.6998, -0.20023, -0.55536,
 13:47:56.295,ff:bd:0d:cb:d7:a7, 2085-97-152 249:116:05:-148, -0.801, 0.751, -0.068, 3.845, -0.793, -125, -173.831, 43.594, -66.973, 89.300, -34.493, 34.400, 24.32, 0.40207, 0.6998, -0.20023, -0.55536,
 13:47:56.309,f9:a2:89:42:44:2c, 2085-113-81 00:243:49:-24271, 0.044, -0.838, -0.571, 1.038, -1.709, 1.709, -32.014, -44.363, -66.297, -44.300, 0.240, 15.600, 24.36, 0.39023, -0.74069, 0.47662, -0.26801,
 13:47:56.325,ff:bd:0d:cb:d7:a7, 2085-97-152 249:116:05:-148, -0.847, 0.682, -0.072, 4.15, -0.427, -122.131, -173.106, 49.796, -66.259, 89.300, -34.493, 34.400, 24.32, 0.40207, 0.6998, -0.20023, -0.55536,
 13:47:56.429,f9:a2:89:42:44:2c, 2085-97-79 00:75:249:-1149, 0.027, -0.837, -0.566, 2.991, -3.784, 5.005, -31.893, -44.143, -66.292, -44.300, 0.240, 15.600, 24.36, 0.39023, -0.74069, 0.47662, -0.26801,
 13:47:56.444,ff:bd:0d:cb:d7:a7, 2085-97-57 249:193:04:-125, -0.847, 0.594, -0.061, 3.662, -0.793, -121.704, -172.139, 55.948, -65.303, 89.300, -34.493, 34.400, 24.32, 0.40207, 0.6998, -0.20023, -0.55536,
 13:47:56.444,ff:bd:0d:cb:d7:a7, 2085-97-182 248:241:03:-134, -0.911, 0.594, -0.061, 3.662, -0.793, -121.704, -172.139, 55.948, -65.303, 89.300, -34.493, 34.400, 24.32, 0.40207, 0.6998, -0.20023, -0.55536,
 13:47:56.444,ff:bd:0d:cb:d7:a7, 2085-97-182 248:241:03:-134, -0.951, 0.493, -0.065, 3.601, -0.793, -118.652, -170.821, 61.985, -64.001, 89.300, -34.493, 34.400, 24.32, 0.40207, 0.6998, -0.20023, -0.55536,
 13:47:56.444,ff:bd:0d:cb:d7:a7, 2085-113-58 00:120:60:-5357, -0.951, 0.398, -0.072, 3.54, -0.916, -116.882, -168.882, 67.906, -62.062, 89.300, -34.493, 34.400, 24.32, 0.40207, 0.6998, -0.20023, -0.55536,
 13:47:56.444,ff:bd:0d:cb:d7:a7, 2085-113-58 00:120:60:-5357, -0.951, 0.398, -0.072, 3.54, -0.916, -116.882, -168.882, 67.906, -62.062, 89.300, -34.493, 34.400, 24.32, 0.40207, 0.6998, -0.20023, -0.55536,
 13:47:56.489,f9:a2:89:42:44:2c, 2085-97-41 00:58:249:-1136, 0.003, -0.841, -0.556, 6.714, -7.69, 10.62, -31.355, -43.171, -66.264, -44.300, 0.240, 15.600, 24.36, 0.39023, -0.74069, 0.47662, -0.26801,
 13:47:56.505,ff:bd:0d:cb:d7:a7, 2085-113-58 00:120:60:-5357, -1.032, 0.398, -0.072, 3.54, -0.916, -116.882, -168.882, 67.906, -62.062, 103.200, -35.713, 6.200, 24.32, 0.40207, 0.6998, -0.20023, -0.55536,
 13:47:56.505,ff:bd:0d:cb:d7:a7, 2085-113-81 00:126:25:23918, -1.032, 0.268, -0.075, 3.601, -0.854, -119.385, -165.701, 73.784, -58.87, 103.200, -35.713, 6.200, 24.32, 0.40207, 0.6998, -0.20023, -0.55536,
 13:47:56.505,ff:bd:0d:cb:d7:a7, 2085-113-81 00:126:25:23918, -1.032, 0.268, -0.075, 3.601, -0.854, -119.385, -165.701, 73.784, -58.87, 103.200, -35.713, 6.200, 24.32, 0.40207, 0.6998, -0.20023, -0.55536,
 13:47:56.534,ff:bd:0d:cb:d7:a7, 2085-113-81 00:126:25:23918, -1.014, 0.268, -0.075, 3.601, -0.854, -119.385, -165.701, 73.784, -58.87, 103.200, -35.713, 6.200, 24.32, 0.19916, 0.72992, 0.02286, -0.65341,
 13:47:56.549,f9:a2:89:42:44:2c, 2085-113-58 00:191:230:-430, -0.013, -0.851, -0.545, 9.888, -11.108, 15.686, -30.476, -41.567, -66.204, -43.100, -2.867, 20.800, 24.36, 0.39023, -0.74069, 0.47662, -0.26801,
 13:47:56.609,f9:a2:89:42:44:2c, 2085-113-81 00:160:54:-23633, -0.044, -0.854, -0.54, 11.902, -13.367, 18.738, -29.91, -40.529, -66.154, -43.100, -2.867, 20.800, 24.36, 0.42676, -0.72122, 0.48599, -0.2478,
 13:47:56.624,ff:bd:0d:cb:d7:a7, 2085-97-227 247:133:01:-161, -1.014, 0.19, -0.079, 3.54, -0.793, -117.554, -159.313, 79.552, -52.476, 103.200, -35.713, 6.200, 24.32, 0.19916, 0.72992, 0.02286, -0.65341,
 13:47:56.624,ff:bd:0d:cb:d7:a7, 2085-97-176 247:165:00:-156, -1.039, 0.19, -0.079, 3.54, -0.793, -117.554, -159.313, 79.552, -52.476, 103.200, -35.713, 6.200, 24.32, 0.19916, 0.72992, 0.02286, -0.65341,
 13:47:56.684,ff:bd:0d:cb:d7:a7, 2085-97-176 247:165:00:-156, -1.006, 0.081, -0.076, 3.601, -0.366, -115.601, -142.245, 84.771, -35.414, 103.200, -35.713, 6.200, 24.32, 0.19916, 0.72992, 0.02286, -0.65341,
 13:47:56.684,ff:bd:0d:cb:d7:a7, 2085-97-243 247:240:255:-143, -1.006, -0.008, -0.07, 3.418, -0.549, -111.633, -80.03, 87.38, 26.796, 103.200, -35.713, 6.200, 24.32, 0.19916, 0.72992, 0.02286, -0.65341,
 13:47:56.684,ff:bd:0d:cb:d7:a7, 2085-97-202 247:03:255:-140, -1.026, -0.008, -0.07, 3.418, -0.549, -111.633, -80.03, 87.38, 26.796, 103.200, -35.713, 6.200, 24.32, 0.19916, 0.72992, 0.02286, -0.65341,
 13:47:56.700,f9:a2:89:42:44:2c, 2085-97-129 255:31:249:-1046, -0.086, -0.852, -0.519, 13.123, -14.526, 20.447, -29.257, -39.331, -66.072, -43.100, -2.867, 20.800, 24.36, 0.42676, -0.72122, 0.48599, -0.2478,
 13:47:56.745,ff:bd:0d:cb:d7:a7, 2085-97-202 247:03:255:-140, -0.977, -0.124, -0.068, 3.418, -0.732, -113.525, -29.377, 83.952, 77.443, 103.200, -35.713, 6.200, 24.32, 0.19916, 0.72992, 0.02286, -0.65341,
 13:47:56.745,ff:bd:0d:cb:d7:a7, 2085-113-58 00:123:57:-3768, -0.977, -0.204, -0.065, 3.418, -0.671, -112.732, -15.524, 78.712, 91.307, 103.200, -35.713, 6.200, 24.32, 0.19916, 0.72992, 0.02286, -0.65341,
 13:47:56.789,f9:a2:89:42:44:2c, 2085-97-30 255:11:249:-993, -0.142, -0.863, -0.498, 15.991, -17.639, 24.902, -27.719, -36.546, -65.841, -43.100, -2.867, 20.800, 24.36, 0.42676, -0.72122, 0.48599, -0.2478,
 13:47:56.834,ff:bd:0d:cb:d7:a7, 2085-113-58 00:123:57:-3768, -0.977, -0.204, -0.065, 3.418, -0.671, -112.732, -15.524, 78.712, 91.307, 98.100, -25.120, -15.000, 24.32, 0.19916, 0.72992, 0.02286, -0.65341,
 13:47:56.834,ff:bd:0d:cb:d7:a7, 2085-97-100 248:150:253:-132, -0.951, -0.204, -0.065, 3.418, -0.671, -112.732, -15.524, 78.712, 91.307, 98.100, -25.120, -15.000, 24.32, 0.19916, 0.72992, 0.02286, -0.65341,
 13:47:56.834,ff:bd:0d:cb:d7:a7, 2085-113-81 00:41:255:22667, -0.951, -0.302, -0.064, 3.418, -0.671, -112.793, -10.02, 73.207, 96.806, 98.100, -25.120, -15.000, 24.32, 0.19916, 0.72992, 0.02286, -0.65341,
 13:47:56.850,f9:a2:89:42:44:2c, 2085-113-58 00:22:234:277, -0.172, -0.871, -0.465, 19.836, -21.667, 30.701, -25.807, -33.14, -65.451, -37.400, 1.847, 26.000, 24.36, 0.42676, -0.72122, 0.48599, -0.2478,
 13:47:56.863,ff:bd:0d:cb:d7:a7, 2085-113-81 00:41:255:22667, -0.911, -0.302, -0.064, 3.418, -0.671, -112.793, -10.02, 73.207, 96.806, 98.100, -25.120, -15.000, 24.32, -0.00656, 0.69174, 0.22766, -0.68521,
 13:47:56.895,ff:bd:0d:cb:d7:a7, 2085-97-183 248:222:252:-123, -0.911, -0.392, -0.06, 3.479, -0.732, -112, -7.097, 67.626, 99.734, 98.100, -25.120, -15.000, 24.32, -0.00656, 0.69174, 0.22766, -0.68521,
 13:47:56.895,ff:bd:0d:cb:d7:a7, 2085-97-44 249:58:252:-122, -0.854, -0.392, -0.06, 3.479, -0.732, -112, -7.097, 67.626, 99.734, 98.100, -25.120, -15.000, 24.32, -0.00656, 0.69174, 0.22766, -0.68521,
 13:47:56.925,ff:bd:0d:cb:d7:a7, 2085-97-44 249:58:252:-122, -0.814, -0.472, -0.06, 3.601, -0.854, -112.305, -5.273, 61.99, 101.558, 98.100, -25.120, -15.000, 24.32, -0.00656, 0.69174, 0.22766, -0.68521,
 13:47:56.969,f9:a2:89:42:44:2c, 2085-97-94 254:251:248:-882, -0.242, -0.874, -0.449, 21.912, -23.804, 33.691, -24.681, -31.179, -65.171, -37.400, 1.847, 26.000, 24.36, 0.51059, -0.66809, 0.50412, -0.19669,
 13:47:57.013,ff:bd:0d:cb:d7:a7, 2085-97-124 249:120:251:-119, -0.814, -0.566, -0.058, 3.479, -0.671, -112.976, -4.026, 56.343, 102.799, 98.100, -25.120, -15.000, 24.32, -0.00656, 0.69174, 0.22766, -0.68521,
 13:47:57.013,ff:bd:0d:cb:d7:a7, 2085-97-07 250:236:250:-119, -0.747, -0.566, -0.058, 3.479, -0.671, -112.976, -4.026, 56.343, 102.799, 98.100, -25.120, -15.000, 24.32, -0.00656, 0.69174, 0.22766, -0.68521,
 13:47:57.045,ff:bd:0d:cb:d7:a7, 2085-97-07 250:236:250:-119, -0.677, -0.635, -0.058, 3.784, -0.732, -115.723, -3.109, 50.559, 103.722, 98.100, -25.120, -15.000, 24.32, -0.00656, 0.69174, 0.22766, -0.68521,
 13:47:57.045,ff:bd:0d:cb:d7:a7, 2085-113-58 00:101:49:-1693, -0.677, -0.708, -0.054, 3.662, -0.793, -116.699, -2.417, 44.703, 104.42, 98.100, -25.120, -15.000, 24.32, -0.00656, 0.69174, 0.22766, -0.68521,
 13:47:57.045,ff:bd:0d:cb:d7:a7, 2085-113-58 00:101:49:-1693, -0.677, -0.708, -0.054, 3.662, -0.793, -116.699, -2.417, 44.703, 104.42, 98.100, -25.120, -15.000, 24.32, -0.00656, 0.69174, 0.22766, -0.68521,
 13:47:57.059,f9:a2:89:42:44:2c, 2085-97-217 253:243:248:-792, -0.316, -0.875, -0.407, 26.001, -28.015, 39.856, -22.05, -26.746, -64.369, -37.400, 1.847, 26.000, 24.36, 0.51059, -0.66809, 0.50412, -0.19669,
 13:47:57.149,f9:a2:89:42:44:2c, 2085-97-29 253:28:249:-647, -0.419, -0.871, -0.356, 31.128, -33.325, 47.852, -18.77, -21.544, -63.122, -37.400, 1.847, 26.000, 24.36, 0.51059, -0.66809, 0.50412, -0.19669,
 13:47:57.164,ff:bd:0d:cb:d7:a7, 2085-113-58 00:101:49:-1693, -0.598, -0.708, -0.054, 3.662, -0.793, -116.699, -2.417, 44.703, 104.42, 84.300, -11.287, -41.700, 24.32, -0.00656, 0.69174, 0.22766, -0.68521,
 13:47:57.164,ff:bd:0d:cb:d7:a7, 2085-113-81 00:63:228:19336, -0.598, -0.772, -0.054, 3.906, -0.916, -118.225, -1.868, 38.776, 104.98, 84.300, -11.287, -41.700, 24.32, -0.00656, 0.69174, 0.22766, -0.68521,
 13:47:57.164,ff:bd:0d:cb:d7:a7, 2085-113-81 00:63:228:19336, -0.598, -0.772, -0.054, 3.906, -0.916, -118.225, -1.868, 38.776, 104.98, 84.300, -11.287, -41.700, 24.32, -0.00656, 0.69174, 0.22766, -0.68521,
 13:47:57.166,ff:bd:0d:cb:d7:a7, 2085-113-81 00:63:228:19336, -0.533, -0.772, -0.054, 3.906, -0.916, -118.225, -1.868, 38.776, 104.98, 84.300, -11.287, -41.700, 24.32, -0.21683, 0.59009, 0.41721, -0.65622,
 13:47:57.210,f9:a2:89:42:44:2c, 2085-113-58 00:194:242:649, -0.464, -0.841, -0.266, 34.607, -36.926, 53.223, -14.656, -15.639, -61.205, -22.600, 4.327, 32.700, 24.36, 0.51059, -0.66809, 0.50412, -0.19669,
 13:47:57.225,ff:bd:0d:cb:d7:a7, 2085-97-188 251:65:249:-090, -0.533, -0.843, -0.044, 3.723, -0.916, -121.094, -1.395, 32.8, 105.458, 84.300, -11.287, -41.700, 24.32, -0.21683, 0.59009, 0.41721, -0.65622,
 13:47:57.225,ff:bd:0d:cb:d7:a7, 2085-97-160 252:252:248:-084, -0.422, -0.843, -0.044, 3.723, -0.916, -121.094, -1.395, 32.8, 105.458, 84.300, -11.287, -41.700, 24.32, -0.21683, 0.59009, 0.41721, -0.65622,
 13:47:57.254,ff:bd:0d:cb:d7:a7, 2085-97-160 252:252:248:-084, -0.334, -0.877, -0.041, 3.784, -0.793, -123.535, -1.011, 26.636, 105.848, 84.300, -11.287, -41.700, 24.32, -0.21683, 0.59009, 0.41721, -0.65622,
 13:47:57.285,ff:bd:0d:cb:d7:a7, 2085-97-83 253:161:248:-060, -0.334, -0.921, -0.029, 3.418, -0.671, -128.54, -0.665, 20.319, 106.21, 84.300, -11.287, -41.700, 24.32, -0.21683, 0.59009, 0.41721, -0.65622,
 13:47:57.285,ff:bd:0d:cb:d7:a7, 2085-97-86 254:154:248:-067, -0.208, -0.921, -0.029, 3.418, -0.671, -128.54, -0.665, 20.319, 106.21, 84.300, -11.287, -41.700, 24.32, -0.21683, 0.59009, 0.41721, -0.65622,
 13:47:57.300,f9:a2:89:42:44:2c, 2085-97-207 251:163:249:-336, -0.583, -0.825, -0.221, 36.438, -39.001, 56.213, -12.255, -12.513, -59.93, -22.600, 4.327, 32.700, 24.36, 0.63904, -0.55701, 0.52029, -0.10275,
 13:47:57.344,ff:bd:0d:cb:d7:a7, 2085-97-86 254:154:248:-067, -0.097, -0.925, -0.033, 4.15, -0.916, -130.127, -0.368, 13.81, 106.518, 84.300, -11.287, -41.700, 24.32, -0.21683, 0.59009, 0.41721, -0.65622,
 13:47:57.374,ff:bd:0d:cb:d7:a7, 2085-97-58 255:137:248:-064, -0.097, -0.933, -0.031, 3.967, -0.916, -135.01, -0.104, 7.114, 106.804, 84.300, -11.287, -41.700, 24.32, -0.21683, 0.59009, 0.41721, -0.65622,
 13:47:57.404,ff:bd:0d:cb:d7:a7, 2085-113-58 00:239:31:-1121, -0.007, -0.933, -0.031, 3.967, -0.916, -135.01, -0.104, 7.114, 106.804, 54.500, -7.473, -59.100, 24.32, -0.21683, 0.59009, 0.41721, -0.65622,
 13:47:57.450,f9:a2:89:42:44:2c, 2085-97-244 250:28:250:-109, -0.689, -0.763, -0.1, 36.682, -39.368, 56.58, -6.707, -6.196, -56.607, -22.600, 4.327, 32.700, 24.36, 0.63904, -0.55701, 0.52029, -0.10275,
 13:47:57.464,ff:bd:0d:cb:d7:a7, 2085-97-241 255:98:248:-046, -0.007, -0.952, -0.022, 4.578, -0.977, -138.489, 0.143, 0.28, 107.051, 54.500, -7.473, -59.100, 24.32, -0.21683, 0.59009, 0.41721, -0.65622,
 13:47:57.464,ff:bd:0d:cb:d7:a7, 2085-113-81 00:199:198:12809, 0.171, -0.952, -0.022, 4.578, -0.977, -138.489, 0.143, 0.28, 107.051, 54.500, -7.473, -59.100, 24.32, -0.21683, 0.59009, 0.41721, -0.65622,
 13:47:57.464,ff:bd:0d:cb:d7:a7, 2085-113-81 00:199:198:12809, 0.171, -0.908, -0.007, 4.272, -1.221, -136.963, 0.368, -6.652, 107.298, 54.500, -7.473, -59.100, 24.32, -0.21683, 0.59009, 0.41721, -0.65622,
 13:47:57.494,ff:bd:0d:cb:d7:a7, 2085-113-81 00:199:198:12809, 0.171, -0.908, -0.007, 4.272, -1.221, -136.963, 0.368, -6.652, 107.298, 54.500, -7.473, -59.100, 24.32, -0.44705, 0.3909, 0.59714, -0.53912,
 13:47:57.494,ff:bd:0d:cb:d7:a7, 2085-97-77 02:28:249:-038, 0.288, -0.908, -0.007, 4.272, -1.221, -136.963, 0.368, -6.652, 107.298, 54.500, -7.473, -59.100, 24.32, -0.44705, 0.3909, 0.59714, -0.53912,
 13:47:57.509,f9:a2:89:42:44:2c, 2085-97-43 250:161:250:107, -0.769, -0.699, 0.007, 31.189, -33.325, 47.974, -0.61, -0.566, -52.476, -6.900, 8.193, 34.900, 24.36, 0.63904, -0.55701, 0.52029, -0.10275,
 13:47:57.555,ff:bd:0d:cb:d7:a7, 2085-97-77 02:28:249:-038, 0.341, -0.861, -0.019, 4.272, -0.732, -136.536, 0.571, -13.574, 107.507, 54.500, -7.473, -59.100, 24.32, -0.44705, 0.3909, 0.59714, -0.53912,
 13:47:57.614,ff:bd:0d:cb:d7:a7, 2085-97-187 02:33:249:-029, 0.341, -0.859, -0.014, 4.333, -0.732, -138, 0.758, -20.446, 107.71, 54.500, -7.473, -59.100, 24.32, -0.44705, 0.3909, 0.59714, -0.53912,
 13:47:57.614,ff:bd:0d:cb:d7:a7, 2085-97-240 03:197:249:-015, 0.492, -0.859, -0.014, 4.333, -0.732, -138, 0.758, -20.446, 107.71, 54.500, -7.473, -59.100, 24.32, -0.44705, 0.3909, 0.59714, -0.53912,
 13:47:57.629,f9:a2:89:42:44:2c, 2085-97-179 249:232:250:227, -0.792, -0.647, 0.107, 17.7, -19.47, 28.015, 4.554, 3.29, -48.68, -6.900, 8.193, 34.900, 24.36, 0.72574, -0.45102, 0.51886, -0.02277,
 13:47:57.674,ff:bd:0d:cb:d7:a7, 2085-97-240 03:197:249:-015, 0.605, -0.779, -0.007, 4.272, -1.16, -136.292, 0.928, -27.356, 107.891, 54.500, -7.473, -59.100, 24.32, -0.44705, 0.3909, 0.59714, -0.53912,
 13:47:57.674,ff:bd:0d:cb:d7:a7, 2085-113-58 00:90:15:-765, 0.605, -0.7, -0.007, 4.211, -0.854, -132.996, 1.088, -34.102, 108.083, 54.500, -7.473, -59.100, 24.32, -0.44705, 0.3909, 0.59714, -0.53912,
 13:47:57.674,ff:bd:0d:cb:d7:a7, 2085-113-58 00:90:15:-765, 0.605, -0.7, -0.007, 4.211, -0.854, -132.996, 1.088, -34.102, 108.083, 54.500, -7.473, -59.100, 24.32, -0.44705, 0.3909, 0.59714, -0.53912,
 13:47:57.704,ff:bd:0d:cb:d7:a7, 2085-113-58 00:90:15:-765, 0.694, -0.7, -0.007, 4.211, -0.854, -132.996, 1.088, -34.102, 108.083, 26.200, -5.100, -52.800, 24.32, -0.44705, 0.3909, 0.59714, -0.53912,
 13:47:57.720,f9:a2:89:42:44:2c, 2085-97-186 249:228:250:257, -0.773, -0.633, 0.118, 3.845, -4.517, 6.042, 7.042, 4.894, -46.758, -6.900, 8.193, 34.900, 24.36, 0.72574, -0.45102, 0.51886, -0.02277,
 13:47:57.735,ff:bd:0d:cb:d7:a7, 2085-97-142 05:04:251:-004, 0.694, -0.623, -0.002, 4.089, -0.977, -128.845, 1.241, -40.715, 108.243, 26.200, -5.100, -52.800, 24.32, -0.44705, 0.3909, 0.59714, -0.53912,
 13:47:57.735,ff:bd:0d:cb:d7:a7, 2085-113-81 00:99:178:5059, 0.762, -0.623, -0.002, 4.089, -0.977, -128.845, 1.241, -40.715, 108.243, 26.200, -5.100, -52.800, 24.32, -0.44705, 0.3909, 0.59714, -0.53912,
 13:47:57.735,ff:bd:0d:cb:d7:a7, 2085-113-81 00:99:178:5059, 0.762, -0.547, 0, 3.906, -0.916, -126.709, 1.384, -47.208, 108.408, 26.200, -5.100, -52.800, 24.32, -0.44705, 0.3909, 0.59714, -0.53912,
 13:47:57.779,f9:a2:89:42:44:2c, 2085-97-221 249:204:250:182, -0.737, -0.641, 0.096, -8.423, 8.24, -12.695, 6.449, 4.543, -47.181, -7.900, 0.460, 37.600, 24.36, 0.72574, -0.45102, 0.51886, -0.02277,
 13:47:57.824,ff:bd:0d:cb:d7:a7, 2085-113-81 00:99:178:5059, 0.762, -0.547, 0, 3.906, -0.916, -126.709, 1.384, -47.208, 108.408, 26.200, -5.100, -52.800, 24.32, -0.60635, 0.15439, 0.69031, -0.3631,
 13:47:57.824,ff:bd:0d:cb:d7:a7, 2085-97-100 06:44:252:-003, 0.799, -0.547, 0, 3.906, -0.916, -126.709, 1.384, -47.208, 108.408, 26.200, -5.100, -52.800, 24.32, -0.60635, 0.15439, 0.69031, -0.3631,
 13:47:57.855,ff:bd:0d:cb:d7:a7, 2085-97-100 06:44:252:-003, 0.878, -0.479, -0.001, 3.784, -0.793, -125.305, 1.527, -53.509, 108.545, 26.200, -5.100, -52.800, 24.32, -0.60635, 0.15439, 0.69031, -0.3631,
 13:47:57.870,f9:a2:89:42:44:2c, 2085-113-81 00:62:91:-15388, -0.712, -0.677, 0.057, -17.029, 16.968, -25.085, 3.647, 2.692, -49.246, -7.900, 0.460, 37.600, 24.36, 0.71283, -0.4696, 0.51959, -0.03513,
 13:47:57.914,ff:bd:0d:cb:d7:a7, 2085-97-06 07:14:253:-001, 0.878, -0.368, 0, 3.784, -0.732, -121.704, 1.681, -59.722, 108.693, 26.200, -5.100, -52.800, 24.32, -0.60635, 0.15439, 0.69031, -0.3631,
 13:47:57.914,ff:bd:0d:cb:d7:a7, 2085-97-51 07:187:253:003, 0.9, -0.368, 0, 3.784, -0.732, -121.704, 1.681, -59.722, 108.693, 26.200, -5.100, -52.800, 24.32, -0.60635, 0.15439, 0.69031, -0.3631,
 13:47:57.944,ff:bd:0d:cb:d7:a7, 2085-97-51 07:187:253:003, 0.938, -0.284, 0.001, 3.662, -0.732, -123.108, 1.851, -65.869, 108.787, 26.200, -5.100, -52.800, 24.32, -0.60635, 0.15439, 0.69031, -0.3631,
 13:47:57.944,ff:bd:0d:cb:d7:a7, 2085-113-58 00:143:07:-1169, 0.938, -0.166, -0.002, 3.784, -0.732, -121.765, 2.071, -72.021, 108.864, 26.200, -5.100, -52.800, 24.32, -0.60635, 0.15439, 0.69031, -0.3631,
 13:47:57.989,f9:a2:89:42:44:2c, 2085-97-126 250:79:250:-001, -0.654, -0.694, 0.026, -19.775, 20.081, -29.48, 1.791, 1.346, -50.587, -7.900, 0.460, 37.600, 24.36, 0.71283, -0.4696, 0.51959, -0.03513,
 13:47:58.020,f9:a2:89:42:44:2c, 2085-97-234 250:03:250:-123, -0.608, -0.735, -0.038, -23.926, 24.597, -36.011, -2.357, -2.021, -53.476, -7.900, 0.460, 37.600, 24.36, 0.71283, -0.4696, 0.51959, -0.03513,
 13:47:58.034,ff:bd:0d:cb:d7:a7, 2085-113-58 00:143:07:-1169, 0.938, -0.166, -0.002, 3.784, -0.732, -121.765, 2.071, -72.021, 108.864, 12.900, -7.793, -36.800, 24.32, -0.60635, 0.15439, 0.69031, -0.3631,
 13:47:58.034,ff:bd:0d:cb:d7:a7, 2085-97-142 07:119:255:017, 0.944, -0.166, -0.002, 3.784, -0.732, -121.765, 2.071, -72.021, 108.864, 12.900, -7.793, -36.800, 24.32, -0.60635, 0.15439, 0.69031, -0.3631,
 13:47:58.034,ff:bd:0d:cb:d7:a7, 2085-113-81 00:103:168:-1982, 0.944, -0.067, 0.008, 3.967, -0.854, -123.413, 2.422, -78.201, 108.776, 12.900, -7.793, -36.800, 24.32, -0.60635, 0.15439, 0.69031, -0.3631,
 13:47:58.063,ff:bd:0d:cb:d7:a7, 2085-113-81 00:103:168:-1982, 0.927, -0.067, 0.008, 3.967, -0.854, -123.413, 2.422, -78.201, 108.776, 12.900, -7.793, -36.800, 24.32, -0.68436, -0.06049, 0.70334, -0.18219,
 13:47:58.079,f9:a2:89:42:44:2c, 2085-113-58 00:237:244:540, -0.574, -0.765, -0.085, -28.198, 28.748, -42.053, -6.724, -6.18, -56.327, -18.900, 3.600, 35.900, 24.36, 0.71283, -0.4696, 0.51959, -0.03513,
 13:47:58.094,ff:bd:0d:cb:d7:a7, 2085-97-107 07:46:00:000, 0.927, 0.022, 0, 3.845, -0.793, -126.831, 3.472, -84.485, 108.04, 12.900, -7.793, -36.800, 24.32, -0.68436, -0.06049, 0.70334, -0.18219,
 13:47:58.094,ff:bd:0d:cb:d7:a7, 2085-97-153 07:47:01:-003, 0.95, 0.022, 0, 3.845, -0.793, -126.831, 3.472, -84.485, 108.04, 12.900, -7.793, -36.800, 24.32, -0.68436, -0.06049, 0.70334, -0.18219,
 13:47:58.155,ff:bd:0d:cb:d7:a7, 2085-97-153 07:47:01:-003, 0.935, 0.148, -0.001, 3.906, -0.793, -127.686, 178.687, -86.71, -66.896, 12.900, -7.793, -36.800, 24.32, -0.68436, -0.06049, 0.70334, -0.18219,
 13:47:58.215,ff:bd:0d:cb:d7:a7, 2085-97-122 07:21:02:-015, 0.935, 0.26, -0.007, 3.723, -0.793, -126.587, -178.748, -80.365, -69.137, 12.900, -7.793, -36.800, 24.32, -0.68436, -0.06049, 0.70334, -0.18219,
 13:47:58.215,ff:bd:0d:cb:d7:a7, 2085-97-100 07:23:03:-022, 0.924, 0.26, -0.007, 3.723, -0.793, -126.587, -178.748, -80.365, -69.137, 12.900, -7.793, -36.800, 24.32, -0.68436, -0.06049, 0.70334, -0.18219,
 13:47:58.229,f9:a2:89:42:44:2c, 2085-113-81 00:216:81:-18294, -0.51, -0.782, -0.121, -30.273, 30.823, -45.227, -8.932, -8.553, -57.684, -18.900, 3.600, 35.900, 24.36, 0.6394, -0.55829, 0.51886, -0.10074,
 13:47:58.260,f9:a2:89:42:44:2c, 2085-97-66 252:89:249:-461, -0.439, -0.818, -0.186, -30.029, 30.762, -45.105, -11.107, -11.074, -58.942, -18.900, 3.600, 35.900, 24.36, 0.6394, -0.55829, 0.51886, -0.10074,
 13:47:58.274,ff:bd:0d:cb:d7:a7, 2085-97-100 07:23:03:-022, 0.881, 0.386, -0.011, 3.906, -0.61, -123.169, -178.292, -74.064, -69.296, 12.900, -7.793, -36.800, 24.32, -0.68436, -0.06049, 0.70334, -0.18219,
 13:47:58.274,ff:bd:0d:cb:d7:a7, 2085-113-58 00:22:08:-2452, 0.881, 0.483, -0.006, 3.845, -0.854, -123.657, -178.044, -67.813, -69.175, 12.900, -7.793, -36.800, 24.32, -0.68436, -0.06049, 0.70334, -0.18219,
 13:47:58.305,ff:bd:0d:cb:d7:a7, 2085-113-58 00:22:08:-2452, 0.881, 0.483, -0.006, 3.845, -0.854, -123.657, -178.044, -67.813, -69.175, 13.800, -16.347, -7.900, 24.32, -0.68436, -0.06049, 0.70334, -0.18219,
 13:47:58.305,ff:bd:0d:cb:d7:a7, 2085-97-134 06:141:04:-021, 0.815, 0.483, -0.006, 3.845, -0.854, -123.657, -178.044, -67.813, -69.175, 13.800, -16.347, -7.900, 24.32, -0.68436, -0.06049, 0.70334, -0.18219,
 13:47:58.335,ff:bd:0d:cb:d7:a7, 2085-97-134 06:141:04:-021, 0.763, 0.569, -0.01, 3.906, -0.732, -123.108, -177.863, -61.595, -69.033, 13.800, -16.347, -7.900, 24.32, -0.68436, -0.06049, 0.70334, -0.18219,
 13:47:58.335,ff:bd:0d:cb:d7:a7, 2085-113-81 00:31:166:-10327, 0.763, 0.662, -0.012, 3.845, -0.793, -123.535, -177.698, -55.349, -68.917, 13.800, -16.347, -7.900, 24.32, -0.68436, -0.06049, 0.70334, -0.18219,
 13:47:58.379,f9:a2:89:42:44:2c, 2085-97-223 252:52:249:-594, -0.359, -0.834, -0.249, -30.029, 30.823, -45.166, -15.134, -16.254, -61.062, -30.500, -0.160, 30.000, 24.36, 0.6394, -0.55829, 0.51886, -0.10074,
 13:47:58.425,ff:bd:0d:cb:d7:a7, 2085-113-81 00:31:166:-10327, 0.763, 0.662, -0.012, 3.845, -0.793, -123.535, -177.698, -55.349, -68.917, 13.800, -16.347, -7.900, 24.32, -0.70218, -0.31516, 0.63586, 0.05652,
 13:47:58.425,ff:bd:0d:cb:d7:a7, 2085-97-82 05:202:05:-032, 0.665, 0.662, -0.012, 3.845, -0.793, -123.535, -177.698, -55.349, -68.917, 13.800, -16.347, -7.900, 24.32, -0.70218, -0.31516, 0.63586, 0.05652,
 13:47:58.453,ff:bd:0d:cb:d7:a7, 2085-97-82 05:202:05:-032, 0.608, 0.724, -0.016, 3.845, -0.854, -124.451, -177.545, -49.125, -68.84, 13.800, -16.347, -7.900, 24.32, -0.70218, -0.31516, 0.63586, 0.05652,
 13:47:58.469,f9:a2:89:42:44:2c, 2085-97-144 253:21:249:-726, -0.265, -0.853, -0.312, -29.724, 30.457, -44.678, -18.765, -21.5, -62.699, -30.500, -0.160, 30.000, 24.36, 0.53635, -0.65149, 0.50613, -0.1778,
 13:47:58.514,ff:bd:0d:cb:d7:a7, 2085-97-221 04:131:06:-034, 0.608, 0.814, -0.017, 3.723, -1.038, -125, -177.396, -42.83, -68.752, 13.800, -16.347, -7.900, 24.32, -0.70218, -0.31516, 0.63586, 0.05652,
 13:47:58.514,ff:bd:0d:cb:d7:a7, 2085-97-66 04:28:07:-051, 0.532, 0.814, -0.017, 3.723, -1.038, -125, -177.396, -42.83, -68.752, 13.800, -16.347, -7.900, 24.32, -0.70218, -0.31516, 0.63586, 0.05652,
 13:47:58.545,ff:bd:0d:cb:d7:a7, 2085-97-66 04:28:07:-051, 0.419, 0.889, -0.025, 3.723, -0.916, -124.023, -177.248, -36.546, -68.648, 13.800, -16.347, -7.900, 24.32, -0.70218, -0.31516, 0.63586, 0.05652,
 13:47:58.545,ff:bd:0d:cb:d7:a7, 2085-113-58 00:175:20:-3229, 0.419, 0.938, -0.03, 3.845, -0.61, -123.535, -177.1, -30.322, -68.533, 13.800, -16.347, -7.900, 24.32, -0.70218, -0.31516, 0.63586, 0.05652,
 13:47:58.589,f9:a2:89:42:44:2c, 2085-97-76 254:251:248:-870, -0.167, -0.865, -0.384, -28.503, 29.053, -42.725, -22.011, -26.636, -63.907, -30.500, -0.160, 30.000, 24.36, 0.53635, -0.65149, 0.50613, -0.1778,
 13:47:58.620,f9:a2:89:42:44:2c, 2085-97-212 254:25:249:-940, -0.098, -0.878, -0.454, -25.085, 25.635, -37.476, -24.862, -31.454, -64.742, -30.500, -0.160, 30.000, 24.36, 0.53635, -0.65149, 0.50613, -0.1778,
 13:47:58.634,ff:bd:0d:cb:d7:a7, 2085-113-58 00:175:20:-3229, 0.419, 0.938, -0.03, 3.845, -0.61, -123.535, -177.1, -30.322, -68.533, 35.300, -21.527, 26.200, 24.32, -0.70218, -0.31516, 0.63586, 0.05652,
 13:47:58.634,ff:bd:0d:cb:d7:a7, 2085-97-203 02:01:08:-065, 0.349, 0.938, -0.03, 3.845, -0.61, -123.535, -177.1, -30.322, -68.533, 35.300, -21.527, 26.200, 24.32, -0.70218, -0.31516, 0.63586, 0.05652,
 13:47:58.634,ff:bd:0d:cb:d7:a7, 2085-113-81 00:195:172:-16173, 0.349, 1, -0.032, 3.784, -0.793, -124.573, -176.946, -23.972, -68.401, 35.300, -21.527, 26.200, 24.32, -0.70218, -0.31516, 0.63586, 0.05652,
 13:47:58.663,ff:bd:0d:cb:d7:a7, 2085-113-81 00:195:172:-16173, 0.216, 1, -0.032, 3.784, -0.793, -124.573, -176.946, -23.972, -68.401, 35.300, -21.527, 26.200, 24.32, -0.6503, -0.49356, 0.51895, 0.25311,
 13:47:58.679,f9:a2:89:42:44:2c, 2085-113-58 00:145:231:148, -0.072, -0.869, -0.492, -21.79, 22.156, -32.41, -27.274, -35.722, -65.275, -41.700, 0.987, 21.200, 24.36, 0.53635, -0.65149, 0.50613, -0.1778,
 13:47:58.695,ff:bd:0d:cb:d7:a7, 2085-97-187 01:25:08:-071, 0.216, 1.012, -0.035, 3.845, -0.671, -123.352, -176.786, -17.732, -68.264, 35.300, -21.527, 26.200, 24.32, -0.6503, -0.49356, 0.51895, 0.25311,
 13:47:58.695,ff:bd:0d:cb:d7:a7, 2085-97-09 01:86:08:-076, 0.129, 1.012, -0.035, 3.845, -0.671, -123.352, -176.786, -17.732, -68.264, 35.300, -21.527, 26.200, 24.32, -0.6503, -0.49356, 0.51895, 0.25311,
 13:47:58.754,ff:bd:0d:cb:d7:a7, 2085-97-09 01:86:08:-076, -0.005, 1.042, -0.037, 3.723, -0.854, -121.643, -176.616, -11.53, -68.11, 35.300, -21.527, 26.200, 24.32, -0.6503, -0.49356, 0.51895, 0.25311,
 13:47:58.799,f9:a2:89:42:44:2c, 2085-113-81 00:63:56:-23484, -0.037, -0.861, -0.505, -19.592, 19.836, -29.114, -28.301, -37.568, -65.446, -41.700, 0.987, 21.200, 24.36, 0.43942, -0.71667, 0.48581, -0.23911,
 13:47:58.844,ff:bd:0d:cb:d7:a7, 2085-97-246 255:75:08:-091, -0.005, 1.037, -0.044, 3.662, -0.732, -122.253, -176.435, -5.438, -67.945, 35.300, -21.527, 26.200, 24.32, -0.6503, -0.49356, 0.51895, 0.25311,
 13:47:58.844,ff:bd:0d:cb:d7:a7, 2085-97-84 255:108:08:-093, -0.084, 1.037, -0.044, 3.662, -0.732, -122.253, -176.435, -5.438, -67.945, 35.300, -21.527, 26.200, 24.32, -0.6503, -0.49356, 0.51895, 0.25311,
 13:47:58.875,ff:bd:0d:cb:d7:a7, 2085-97-84 255:108:08:-093, -0.184, 1.053, -0.045, 3.662, -0.854, -120.85, -176.237, 0.698, -67.764, 35.300, -21.527, 26.200, 24.32, -0.6503, -0.49356, 0.51895, 0.25311,
 13:47:58.875,ff:bd:0d:cb:d7:a7, 2085-113-58 00:02:43:-4721, -0.184, 1.042, -0.049, 3.662, -0.793, -120.483, -176.017, 6.784, -67.56, 35.300, -21.527, 26.200, 24.32, -0.6503, -0.49356, 0.51895, 0.25311,
 13:47:58.875,ff:bd:0d:cb:d7:a7, 2085-113-58 00:02:43:-4721, -0.184, 1.042, -0.049, 3.662, -0.793, -120.483, -176.017, 6.784, -67.56, 35.300, -21.527, 26.200, 24.32, -0.6503, -0.49356, 0.51895, 0.25311,
 13:47:58.889,f9:a2:89:42:44:2c, 2085-97-228 255:38:249:-1110, 0.007, -0.864, -0.533, -16.663, 16.785, -24.78, -29.191, -39.188, -65.572, -41.700, 0.987, 21.200, 24.36, 0.43942, -0.71667, 0.48581, -0.23911,
 13:47:58.904,ff:bd:0d:cb:d7:a7, 2085-113-58 00:02:43:-4721, -0.295, 1.042, -0.049, 3.662, -0.793, -120.483, -176.017, 6.784, -67.56, 73.400, -31.473, 39.700, 24.32, -0.6503, -0.49356, 0.51895, 0.25311,
 13:47:58.920,f9:a2:89:42:44:2c, 2085-97-49 00:54:249:-1146, 0.028, -0.855, -0.555, -11.841, 11.78, -17.517, -30.597, -41.781, -65.726, -41.700, 0.987, 21.200, 24.36, 0.43942, -0.71667, 0.48581, -0.23911,
 13:47:58.965,ff:bd:0d:cb:d7:a7, 2085-97-164 253:25:08:-111, -0.295, 1.012, -0.054, 3.601, -0.61, -118.347, -175.776, 12.827, -67.33, 73.400, -31.473, 39.700, 24.32, -0.6503, -0.49356, 0.51895, 0.25311,
 13:47:58.965,ff:bd:0d:cb:d7:a7, 2085-113-81 00:18:190:-21279, -0.394, 1.012, -0.054, 3.601, -0.61, -118.347, -175.776, 12.827, -67.33, 73.400, -31.473, 39.700, 24.32, -0.6503, -0.49356, 0.51895, 0.25311,
 13:47:58.965,ff:bd:0d:cb:d7:a7, 2085-113-81 00:18:190:-21279, -0.394, 0.98, -0.056, 3.662, -0.671, -119.812, -175.501, 18.885, -67.066, 73.400, -31.473, 39.700, 24.32, -0.6503, -0.49356, 0.51895, 0.25311,
 13:47:59.025,ff:bd:0d:cb:d7:a7, 2085-113-81 00:18:190:-21279, -0.394, 0.98, -0.056, 3.662, -0.671, -119.812, -175.501, 18.885, -67.066, 73.400, -31.473, 39.700, 24.32, -0.51508, -0.64938, 0.32135, 0.45782,
 13:47:59.025,ff:bd:0d:cb:d7:a7, 2085-97-219 251:93:07:-124, -0.518, 0.98, -0.056, 3.662, -0.671, -119.812, -175.501, 18.885, -67.066, 73.400, -31.473, 39.700, 24.32, -0.51508, -0.64938, 0.32135, 0.45782,
 13:47:59.039,f9:a2:89:42:44:2c, 2085-113-58 00:101:230:-300, 0.041, -0.839, -0.557, -7.385, 7.019, -10.681, -31.514, -43.473, -65.792, -43.700, -2.000, 17.800, 24.36, 0.43942, -0.71667, 0.48581, -0.23911,
 13:47:59.068,f9:a2:89:42:44:2c, 2085-113-81 00:58:50:-24318, 0.047, -0.838, -0.563, -5.188, 4.639, -7.202, -31.8, -44.006, -65.803, -43.700, -2.000, 17.800, 24.36, 0.3924, -0.74213, 0.47372, -0.2659,
 13:47:59.084,ff:bd:0d:cb:d7:a7, 2085-97-219 251:93:07:-124, -0.622, 0.92, -0.061, 3.784, -0.793, -122.559, -175.177, 25.01, -66.753, 73.400, -31.473, 39.700, 24.32, -0.51508, -0.64938, 0.32135, 0.45782,
 13:47:59.113,ff:bd:0d:cb:d7:a7, 2085-97-07 251:232:06:-133, -0.622, 0.863, -0.065, 3.967, -0.732, -127.502, -174.787, 31.328, -66.368, 73.400, -31.473, 39.700, 24.32, -0.51508, -0.64938, 0.32135, 0.45782,
 13:47:59.113,ff:bd:0d:cb:d7:a7, 2085-97-74 250:95:06:-140, -0.714, 0.863, -0.065, 3.967, -0.732, -127.502, -174.787, 31.328, -66.368, 73.400, -31.473, 39.700, 24.32, -0.51508, -0.64938, 0.32135, 0.45782,
 13:47:59.144,ff:bd:0d:cb:d7:a7, 2085-97-74 250:95:06:-140, -0.757, 0.796, -0.068, 4.15, -0.793, -129.578, -174.298, 37.749, -65.901, 73.400, -31.473, 39.700, 24.32, -0.51508, -0.64938, 0.32135, 0.45782,
 13:47:59.190,f9:a2:89:42:44:2c, 2085-97-101 00:75:249:-1170, 0.05, -0.837, -0.565, -2.991, 2.441, -3.906, -31.981, -44.341, -65.814, -43.700, -2.000, 17.800, 24.36, 0.3924, -0.74213, 0.47372, -0.2659,
 13:47:59.204,ff:bd:0d:cb:d7:a7, 2085-97-242 249:233:05:-136, -0.757, 0.739, -0.066, 3.967, -0.793, -127.502, -173.699, 44.198, -65.308, 73.400, -31.473, 39.700, 24.32, -0.51508, -0.64938, 0.32135, 0.45782,
 13:47:59.234,ff:bd:0d:cb:d7:a7, 2085-113-58 00:123:57:-5563, -0.82, 0.739, -0.066, 3.967, -0.793, -127.502, -173.699, 44.198, -65.308, 98.100, -37.087, 24.700, 24.32, -0.51508, -0.64938, 0.32135, 0.45782,
 13:47:59.250,f9:a2:89:42:44:2c, 2085-97-92 00:72:249:-1162, 0.037, -0.837, -0.568, 1.587, -2.319, 2.686, -31.998, -44.396, -65.819, -43.700, -2.000, 17.800, 24.36, 0.3924, -0.74213, 0.47372, -0.2659,
 13:47:59.264,ff:bd:0d:cb:d7:a7, 2085-97-113 249:65:05:-134, -0.82, 0.657, -0.065, 4.211, -0.671, -128.784, -172.897, 50.691, -64.523, 98.100, -37.087, 24.700, 24.32, -0.51508, -0.64938, 0.32135, 0.45782,
 13:47:59.264,ff:bd:0d:cb:d7:a7, 2085-97-184 248:84:04:-133, -0.91, 0.657, -0.065, 4.211, -0.671, -128.784, -172.897, 50.691, -64.523, 98.100, -37.087, 24.700, 24.32, -0.51508, -0.64938, 0.32135, 0.45782,
 13:47:59.264,ff:bd:0d:cb:d7:a7, 2085-113-81 00:63:216:-23785, -0.91, 0.541, -0.065, 3.845, -1.099, -129.272, -171.826, 57.156, -63.457, 98.100, -37.087, 24.700, 24.32, -0.51508, -0.64938, 0.32135, 0.45782,
 13:47:59.309,f9:a2:89:42:44:2c, 2085-113-58 00:176:230:-234, 0.031, -0.84, -0.562, 5.859, -6.836, 9.399, -31.58, -43.627, -65.797, -43.200, -1.560, 17.300, 24.36, 0.3924, -0.74213, 0.47372, -0.2659,
 13:47:59.383,ff:bd:0d:cb:d7:a7, 2085-113-81 00:63:216:-23785, -0.962, 0.541, -0.065, 3.845, -1.099, -129.272, -171.826, 57.156, -63.457, 98.100, -37.087, 24.700, 24.32, -0.31058, -0.72586, 0.078, 0.60867,
 13:47:59.385,ff:bd:0d:cb:d7:a7, 2085-97-77 248:147:03:-164, -0.962, 0.447, -0.08, 4.15, -0.61, -130.615, -170.244, 63.699, -61.891, 98.100, -37.087, 24.700, 24.32, -0.31058, -0.72586, 0.078, 0.60867,
 13:47:59.385,ff:bd:0d:cb:d7:a7, 2085-97-12 248:195:02:-159, -0.994, 0.447, -0.08, 4.15, -0.61, -130.615, -170.244, 63.699, -61.891, 98.100, -37.087, 24.700, 24.32, -0.31058, -0.72586, 0.078, 0.60867,
 13:47:59.399,f9:a2:89:42:44:2c, 2085-113-81 00:238:51:-24093, 0.005, -0.848, -0.564, 8.179, -9.277, 12.939, -31.207, -42.951, -65.781, -43.200, -1.560, 17.300, 24.36, 0.4057, -0.73526, 0.47723, -0.25873,
 13:47:59.444,ff:bd:0d:cb:d7:a7, 2085-97-12 248:195:02:-159, -0.979, 0.345, -0.078, 4.211, -0.427, -129.944, -167.563, 70.159, -59.183, 98.100, -37.087, 24.700, 24.32, -0.31058, -0.72586, 0.078, 0.60867,
 13:47:59.475,ff:bd:0d:cb:d7:a7, 2085-97-43 248:244:01:-132, -0.979, 0.244, -0.064, 3.845, -0.732, -123.596, -162.883, 76.465, -54.476, 98.100, -37.087, 24.700, 24.32, -0.31058, -0.72586, 0.078, 0.60867,
 13:47:59.475,ff:bd:0d:cb:d7:a7, 2085-97-18 248:16:01:-131, -0.991, 0.244, -0.064, 3.845, -0.732, -123.596, -162.883, 76.465, -54.476, 98.100, -37.087, 24.700, 24.32, -0.31058, -0.72586, 0.078, 0.60867,
 13:47:59.475,ff:bd:0d:cb:d7:a7, 2085-113-58 00:60:60:-4826, -0.991, 0.133, -0.064, 3.662, -1.343, -122.559, -152.051, 82.375, -43.627, 98.100, -37.087, 24.700, 24.32, -0.31058, -0.72586, 0.078, 0.60867,
 13:47:59.489,f9:a2:89:42:44:2c, 2085-97-229 255:56:249:-1091, -0.025, -0.846, -0.546, 10.071, -11.414, 15.625, -30.723, -42.078, -65.748, -43.200, -1.560, 17.300, 24.36, 0.4057, -0.73526, 0.47723, -0.25873,
 13:47:59.505,ff:bd:0d:cb:d7:a7, 2085-113-58 00:60:60:-4826, -1.029, 0.133, -0.064, 3.662, -1.343, -122.559, -152.051, 82.375, -43.627, 102.800, -32.173, -7.800, 24.32, -0.31058, -0.72586, 0.078, 0.60867,
 13:47:59.566,ff:bd:0d:cb:d7:a7, 2085-97-196 247:17:00:-145, -1.029, 0.008, -0.071, 3.784, -1.16, -121.521, -112.236, 86.951, -3.807, 102.800, -32.173, -7.800, 24.32, -0.31058, -0.72586, 0.078, 0.60867,
 13:47:59.566,ff:bd:0d:cb:d7:a7, 2085-113-81 00:08:242:-23525, -1.025, 0.008, -0.071, 3.784, -1.16, -121.521, -112.236, 86.951, -3.807, 102.800, -32.173, -7.800, 24.32, -0.31058, -0.72586, 0.078, 0.60867,
 13:47:59.566,ff:bd:0d:cb:d7:a7, 2085-113-81 00:08:242:-23525, -1.025, -0.104, -0.069, 3.601, -0.732, -121.094, -39.243, 85.331, 69.175, 102.800, -32.173, -7.800, 24.32, -0.31058, -0.72586, 0.078, 0.60867,
 13:47:59.609,f9:a2:89:42:44:2c, 2085-97-162 255:19:249:-1068, -0.069, -0.856, -0.536, 13.611, -15.198, 21.179, -29.482, -39.792, -65.621, -38.200, 1.093, 23.100, 24.36, 0.4057, -0.73526, 0.47723, -0.25873,
 13:47:59.624,ff:bd:0d:cb:d7:a7, 2085-113-81 00:08:242:-23525, -1.025, -0.104, -0.069, 3.601, -0.732, -121.094, -39.243, 85.331, 69.175, 102.800, -32.173, -7.800, 24.32, -0.10913, -0.71793, -0.13428, 0.67419,
 13:47:59.624,ff:bd:0d:cb:d7:a7, 2085-97-198 247:71:254:-143, -1.028, -0.104, -0.069, 3.601, -0.732, -121.094, -39.243, 85.331, 69.175, 102.800, -32.173, -7.800, 24.32, -0.10913, -0.71793, -0.13428, 0.67419,
 13:47:59.668,f9:a2:89:42:44:2c, 2085-97-29 255:18:249:-988, -0.142, -0.872, -0.51, 17.578, -19.104, 27.405, -27.867, -36.859, -65.391, -38.200, 1.093, 23.100, 24.36, 0.46176, -0.70325, 0.49091, -0.22614,
 13:47:59.685,ff:bd:0d:cb:d7:a7, 2085-97-198 247:71:254:-143, -0.952, -0.215, -0.07, 3.723, -0.549, -123.108, -18.177, 79.997, 90.242, 102.800, -32.173, -7.800, 24.32, -0.10913, -0.71793, -0.13428, 0.67419,
 13:47:59.714,ff:bd:0d:cb:d7:a7, 2085-97-98 248:161:253:-132, -0.952, -0.296, -0.064, 3.723, -0.61, -121.582, -11.019, 74.092, 97.405, 102.800, -32.173, -7.800, 24.32, -0.10913, -0.71793, -0.13428, 0.67419,
 13:47:59.714,ff:bd:0d:cb:d7:a7, 2085-97-208 248:225:252:-118, -0.898, -0.296, -0.064, 3.723, -0.61, -121.582, -11.019, 74.092, 97.405, 102.800, -32.173, -7.800, 24.32, -0.10913, -0.71793, -0.13428, 0.67419,
 13:47:59.744,ff:bd:0d:cb:d7:a7, 2085-97-208 248:225:252:-118, -0.841, -0.39, -0.058, 3.601, -0.61, -121.033, -7.553, 68.071, 100.871, 102.800, -32.173, -7.800, 24.32, -0.10913, -0.71793, -0.13428, 0.67419,
 13:47:59.789,f9:a2:89:42:44:2c, 2085-97-154 254:03:249:-918, -0.213, -0.868, -0.464, 21.423, -23.376, 33.081, -25.829, -33.239, -64.979, -38.200, 1.093, 23.100, 24.36, 0.46176, -0.70325, 0.49091, -0.22614,
 13:47:59.804,ff:bd:0d:cb:d7:a7, 2085-97-69 249:42:252:-113, -0.841, -0.479, -0.055, 3.601, -0.732, -117.371, -5.543, 62.106, 102.887, 102.800, -32.173, -7.800, 24.32, -0.10913, -0.71793, -0.13428, 0.67419,
 13:47:59.835,ff:bd:0d:cb:d7:a7, 2085-113-58 00:127:53:-2832, -0.789, -0.479, -0.055, 3.601, -0.732, -117.371, -5.543, 62.106, 102.887, 91.300, -18.880, -30.700, 24.32, -0.10913, -0.71793, -0.13428, 0.67419,
 13:47:59.865,ff:bd:0d:cb:d7:a7, 2085-97-177 249:116:251:-119, -0.789, -0.568, -0.058, 3.845, -0.916, -117.798, -4.202, 56.168, 104.222, 91.300, -18.880, -30.700, 24.32, -0.10913, -0.71793, -0.13428, 0.67419,
 13:47:59.865,ff:bd:0d:cb:d7:a7, 2085-97-41 250:196:250:-113, -0.73, -0.568, -0.058, 3.845, -0.916, -117.798, -4.202, 56.168, 104.222, 91.300, -18.880, -30.700, 24.32, -0.10913, -0.71793, -0.13428, 0.67419,
 13:47:59.865,ff:bd:0d:cb:d7:a7, 2085-113-81 00:221:16:-20642, -0.73, -0.654, -0.055, 3.662, -0.854, -116.211, -3.241, 50.295, 105.189, 91.300, -18.880, -30.700, 24.32, -0.10913, -0.71793, -0.13428, 0.67419,
 13:47:59.879,f9:a2:89:42:44:2c, 2085-97-15 254:246:248:-827, -0.291, -0.873, -0.423, 25.757, -27.893, 39.551, -23.264, -28.812, -64.286, -29.100, -0.307, 30.300, 24.36, 0.46176, -0.70325, 0.49091, -0.22614,
 13:47:59.955,ff:bd:0d:cb:d7:a7, 2085-113-81 00:221:16:-20642, -0.649, -0.654, -0.055, 3.662, -0.854, -116.211, -3.241, 50.295, 105.189, 91.300, -18.880, -30.700, 24.32, 0.13174, -0.62994, -0.36008, 0.67529,
 13:47:59.984,ff:bd:0d:cb:d7:a7, 2085-97-207 250:58:250:-104, -0.649, -0.722, -0.051, 3.662, -0.854, -115.356, -2.516, 44.445, 105.914, 91.300, -18.880, -30.700, 24.32, 0.13174, -0.62994, -0.36008, 0.67529,
 13:47:59.984,ff:bd:0d:cb:d7:a7, 2085-97-62 251:162:249:-095, -0.595, -0.722, -0.051, 3.662, -0.854, -115.356, -2.516, 44.445, 105.914, 91.300, -18.880, -30.700, 24.32, 0.13174, -0.62994, -0.36008, 0.67529,
 13:47:59.999,f9:a2:89:42:44:2c, 2085-97-93 253:18:249:-687, -0.385, -0.872, -0.366, 29.663, -31.86, 45.776, -20.138, -23.714, -63.199, -29.100, -0.307, 30.300, 24.36, 0.57404, -0.62128, 0.51132, -0.15134,
 13:48:00.044,ff:bd:0d:cb:d7:a7, 2085-97-62 251:162:249:-095, -0.503, -0.796, -0.046, 3.723, -0.793, -116.882, -1.939, 38.633, 106.49, 91.300, -18.880, -30.700, 24.32, 0.13174, -0.62994, -0.36008, 0.67529,
 13:48:00.075,ff:bd:0d:cb:d7:a7, 2085-97-250 251:60:249:-081, -0.503, -0.846, -0.04, 3.54, -0.854, -119.568, -1.478, 32.662, 106.957, 91.300, -18.880, -30.700, 24.32, 0.13174, -0.62994, -0.36008, 0.67529,
 13:48:00.075,ff:bd:0d:cb:d7:a7, 2085-97-179 252:223:248:-079, -0.413, -0.846, -0.04, 3.54, -0.854, -119.568, -1.478, 32.662, 106.957, 91.300, -18.880, -30.700, 24.32, 0.13174, -0.62994, -0.36008, 0.67529,
 13:48:00.075,ff:bd:0d:cb:d7:a7, 2085-113-58 00:154:41:-1158, -0.413, -0.891, -0.039, 3.601, -0.854, -123.047, -1.088, 26.581, 107.364, 91.300, -18.880, -30.700, 24.32, 0.13174, -0.62994, -0.36008, 0.67529,
 13:48:00.089,f9:a2:89:42:44:2c, 2085-97-156 252:66:249:-543, -0.484, -0.853, -0.291, 32.593, -34.851, 50.171, -16.375, -18.067, -61.573, -29.100, -0.307, 30.300, 24.36, 0.57404, -0.62128, 0.51132, -0.15134,
 13:48:00.105,ff:bd:0d:cb:d7:a7, 2085-113-58 00:154:41:-1158, -0.303, -0.891, -0.039, 3.601, -0.854, -123.047, -1.088, 26.581, 107.364, 71.000, -7.720, -52.500, 24.32, 0.13174, -0.62994, -0.36008, 0.67529,
 13:48:00.194,ff:bd:0d:cb:d7:a7, 2085-97-148 253:179:248:-078, -0.303, -0.913, -0.038, 3.723, -0.732, -124.939, -0.747, 20.352, 107.71, 71.000, -7.720, -52.500, 24.32, 0.13174, -0.62994, -0.36008, 0.67529,
 13:48:00.194,ff:bd:0d:cb:d7:a7, 2085-113-81 00:04:41:-16401, -0.192, -0.913, -0.038, 3.723, -0.732, -124.939, -0.747, 20.352, 107.71, 71.000, -7.720, -52.500, 24.32, 0.13174, -0.62994, -0.36008, 0.67529,
 13:48:00.194,ff:bd:0d:cb:d7:a7, 2085-113-81 00:04:41:-16401, -0.192, -0.927, -0.034, 4.15, -0.793, -130.005, -0.45, 13.925, 108.029, 71.000, -7.720, -52.500, 24.32, 0.13174, -0.62994, -0.36008, 0.67529,
 13:48:00.209,f9:a2:89:42:44:2c, 2085-97-178 251:178:249:-298, -0.587, -0.816, -0.204, 35.706, -38.269, 54.871, -11.783, -11.97, -59.189, -14.000, 2.693, 33.800, 24.36, 0.57404, -0.62128, 0.51132, -0.15134,
 13:48:00.225,ff:bd:0d:cb:d7:a7, 2085-113-81 00:04:41:-16401, -0.192, -0.927, -0.034, 4.15, -0.793, -130.005, -0.45, 13.925, 108.029, 71.000, -7.720, -52.500, 24.32, 0.32043, -0.50052, -0.5162, 0.61661,
 13:48:00.225,ff:bd:0d:cb:d7:a7, 2085-97-78 255:125:248:-068, -0.087, -0.927, -0.034, 4.15, -0.793, -130.005, -0.45, 13.925, 108.029, 71.000, -7.720, -52.500, 24.32, 0.32043, -0.50052, -0.5162, 0.61661,
 13:48:00.285,ff:bd:0d:cb:d7:a7, 2085-97-78 255:125:248:-068, 0.045, -0.939, -0.033, 4.211, -0.671, -132.874, -0.181, 7.273, 108.309, 71.000, -7.720, -52.500, 24.32, 0.32043, -0.50052, -0.5162, 0.61661,
 13:48:00.298,f9:a2:89:42:44:2c, 2085-97-230 250:34:250:-093, -0.679, -0.762, -0.096, 35.339, -37.903, 54.749, -6.279, -5.795, -55.849, -14.000, 2.693, 33.800, 24.36, 0.68066, -0.51288, 0.51904, -0.06427,
 13:48:00.314,ff:bd:0d:cb:d7:a7, 2085-97-92 00:139:248:-045, 0.045, -0.932, -0.022, 4.272, -0.916, -134.644, 0.06, 0.5, 108.578, 71.000, -7.720, -52.500, 24.32, 0.32043, -0.50052, -0.5162, 0.61661,
 13:48:00.314,ff:bd:0d:cb:d7:a7, 2085-97-46 01:159:248:-031, 0.147, -0.932, -0.022, 4.272, -0.916, -134.644, 0.06, 0.5, 108.578, 71.000, -7.720, -52.500, 24.32, 0.32043, -0.50052, -0.5162, 0.61661,
 13:48:00.375,ff:bd:0d:cb:d7:a7, 2085-97-46 01:159:248:-031, 0.286, -0.922, -0.015, 4.15, -1.099, -137.024, 0.28, -6.306, 108.809, 71.000, -7.720, -52.500, 24.32, 0.32043, -0.50052, -0.5162, 0.61661,
 13:48:00.404,ff:bd:0d:cb:d7:a7, 2085-97-73 02:02:249:-029, 0.286, -0.874, -0.014, 4.211, -0.854, -135.315, 0.478, -13.156, 109.034, 71.000, -7.720, -52.500, 24.32, 0.32043, -0.50052, -0.5162, 0.61661,
 13:48:00.419,f9:a2:89:42:44:2c, 2085-97-24 250:168:250:127, -0.772, -0.705, -0.003, 30.701, -32.593, 46.875, -0.269, -0.324, -51.751, -14.000, 2.693, 33.800, 24.36, 0.68066, -0.51288, 0.51904, -0.06427,
 13:48:00.434,ff:bd:0d:cb:d7:a7, 2085-113-58 00:203:22:-575, 0.408, -0.874, -0.014, 4.211, -0.854, -135.315, 0.478, -13.156, 109.034, 38.900, -3.833, -57.700, 24.32, 0.32043, -0.50052, -0.5162, 0.61661,
 13:48:00.449,f9:a2:89:42:44:2c, 2085-97-189 249:229:250:240, -0.788, -0.646, 0.106, 17.09, -18.616, 26.917, 4.686, 3.345, -48.098, -14.000, 2.693, 33.800, 24.36, 0.68066, -0.51288, 0.51904, -0.06427,
 13:48:00.495,ff:bd:0d:cb:d7:a7, 2085-97-68 03:111:249:-027, 0.408, -0.821, -0.013, 4.211, -0.916, -134.521, 0.659, -20.001, 109.232, 38.900, -3.833, -57.700, 24.32, 0.32043, -0.50052, -0.5162, 0.61661,
 13:48:00.495,ff:bd:0d:cb:d7:a7, 2085-113-81 00:08:68:-8646, 0.475, -0.821, -0.013, 4.211, -0.916, -134.521, 0.659, -20.001, 109.232, 38.900, -3.833, -57.700, 24.32, 0.32043, -0.50052, -0.5162, 0.61661,
 13:48:00.495,ff:bd:0d:cb:d7:a7, 2085-113-81 00:08:68:-8646, 0.475, -0.793, -0.006, 4.272, -1.099, -134.033, 0.824, -26.73, 109.44, 38.900, -3.833, -57.700, 24.32, 0.32043, -0.50052, -0.5162, 0.61661,
 13:48:00.524,ff:bd:0d:cb:d7:a7, 2085-113-81 00:08:68:-8646, 0.475, -0.793, -0.006, 4.272, -1.099, -134.033, 0.824, -26.73, 109.44, 38.900, -3.833, -57.700, 24.32, 0.53149, -0.26385, -0.65955, 0.46124,
 13:48:00.524,ff:bd:0d:cb:d7:a7, 2085-97-205 04:85:250:-011, 0.6, -0.793, -0.006, 4.272, -1.099, -134.033, 0.824, -26.73, 109.44, 38.900, -3.833, -57.700, 24.32, 0.53149, -0.26385, -0.65955, 0.46124,
 13:48:00.539,f9:a2:89:42:44:2c, 2085-113-58 00:139:252:902, -0.786, -0.634, 0.117, 3.052, -3.784, 5.127, 7.004, 4.845, -46.296, -5.900, 6.013, 35.800, 24.36, 0.68066, -0.51288, 0.51904, -0.06427,
 13:48:00.555,ff:bd:0d:cb:d7:a7, 2085-97-205 04:85:250:-011, 0.707, -0.708, -0.005, 3.906, -0.793, -129.089, 0.978, -33.349, 109.616, 38.900, -3.833, -57.700, 24.32, 0.53149, -0.26385, -0.65955, 0.46124,
 13:48:00.599,f9:a2:89:42:44:2c, 2085-113-81 00:51:93:-14752, -0.769, -0.638, 0.122, -3.174, 3.052, -4.089, 7.026, 4.856, -46.269, -5.900, 6.013, 35.800, 24.36, 0.72812, -0.4502, 0.51648, -0.01715,
 13:48:00.644,ff:bd:0d:cb:d7:a7, 2085-97-167 05:00:251:-011, 0.707, -0.625, -0.005, 3.662, -0.61, -123.901, 1.115, -39.721, 109.797, 38.900, -3.833, -57.700, 24.32, 0.53149, -0.26385, -0.65955, 0.46124,
 13:48:00.644,ff:bd:0d:cb:d7:a7, 2085-97-05 06:133:251:-003, 0.752, -0.625, -0.005, 3.662, -0.61, -123.901, 1.115, -39.721, 109.797, 38.900, -3.833, -57.700, 24.32, 0.53149, -0.26385, -0.65955, 0.46124,
 13:48:00.674,ff:bd:0d:cb:d7:a7, 2085-97-05 06:133:251:-003, 0.82, -0.56, -0.001, 3.906, -1.038, -121.521, 1.247, -45.89, 109.951, 38.900, -3.833, -57.700, 24.32, 0.53149, -0.26385, -0.65955, 0.46124,
 13:48:00.689,f9:a2:89:42:44:2c, 2085-97-04 250:183:250:141, -0.746, -0.647, 0.096, -8.362, 8.057, -12.329, 6.372, 4.466, -46.747, -5.900, 6.013, 35.800, 24.36, 0.72812, -0.4502, 0.51648, -0.01715,
 13:48:00.734,ff:bd:0d:cb:d7:a7, 2085-97-144 06:66:252:007, 0.82, -0.468, 0.003, 3.784, -0.854, -122.192, 1.373, -52.097, 110.127, 38.900, -3.833, -57.700, 24.32, 0.53149, -0.26385, -0.65955, 0.46124,
 13:48:00.734,ff:bd:0d:cb:d7:a7, 2085-113-58 00:80:10:-810, 0.858, -0.468, 0.003, 3.784, -0.854, -122.192, 1.373, -52.097, 110.127, 38.900, -3.833, -57.700, 24.32, 0.53149, -0.26385, -0.65955, 0.46124,
 13:48:00.734,ff:bd:0d:cb:d7:a7, 2085-113-58 00:80:10:-810, 0.858, -0.392, 0.006, 3.601, -0.732, -119.812, 1.5, -58.206, 110.275, 38.900, -3.833, -57.700, 24.32, 0.53149, -0.26385, -0.65955, 0.46124,
 13:48:00.765,ff:bd:0d:cb:d7:a7, 2085-113-58 00:80:10:-810, 0.858, -0.392, 0.006, 3.601, -0.732, -119.812, 1.5, -58.206, 110.275, 17.600, -5.400, -44.900, 24.32, 0.53149, -0.26385, -0.65955, 0.46124,
 13:48:00.765,ff:bd:0d:cb:d7:a7, 2085-97-68 07:173:253:000, 0.908, -0.392, 0.006, 3.601, -0.732, -119.812, 1.5, -58.206, 110.275, 17.600, -5.400, -44.900, 24.32, 0.53149, -0.26385, -0.65955, 0.46124,
 13:48:00.780,f9:a2:89:42:44:2c, 2085-97-65 250:122:250:071, -0.689, -0.667, 0.068, -16.357, 16.357, -24.292, 3.719, 2.708, -48.697, -5.900, 6.013, 35.800, 24.36, 0.72812, -0.4502, 0.51648, -0.01715,
 13:48:00.839,f9:a2:89:42:44:2c, 2085-113-58 00:203:248:-015, -0.66, -0.714, 0.003, -21.484, 21.729, -31.921, -0.066, -0.126, -51.411, -12.300, -0.100, 36.100, 24.36, 0.72812, -0.4502, 0.51648, -0.01715,
 13:48:00.853,ff:bd:0d:cb:d7:a7, 2085-97-68 07:173:253:000, 0.91, -0.291, 0, 3.54, -0.793, -116.943, 1.626, -64.166, 110.435, 17.600, -5.400, -44.900, 24.32, 0.65964, -0.00589, -0.70639, 0.25635,
 13:48:00.884,ff:bd:0d:cb:d7:a7, 2085-97-71 07:79:254:001, 0.91, -0.211, 0, 3.601, -0.793, -118.042, 1.769, -70.043, 110.55, 17.600, -5.400, -44.900, 24.32, 0.65964, -0.00589, -0.70639, 0.25635,
 13:48:00.884,ff:bd:0d:cb:d7:a7, 2085-97-172 07:68:255:-005, 0.959, -0.211, 0, 3.601, -0.793, -118.042, 1.769, -70.043, 110.55, 17.600, -5.400, -44.900, 24.32, 0.65964, -0.00589, -0.70639, 0.25635,
 13:48:00.914,ff:bd:0d:cb:d7:a7, 2085-97-172 07:68:255:-005, 0.968, -0.092, -0.002, 3.601, -0.793, -117.371, 1.967, -75.992, 110.643, 17.600, -5.400, -44.900, 24.32, 0.65964, -0.00589, -0.70639, 0.25635,
 13:48:00.929,f9:a2:89:42:44:2c, 2085-97-230 250:05:250:-108, -0.604, -0.734, -0.033, -22.705, 23.193, -33.997, -2.093, -1.824, -52.811, -12.300, -0.100, 36.100, 24.36, 0.67435, -0.5217, 0.51797, -0.06842,
 13:48:00.974,ff:bd:0d:cb:d7:a7, 2085-97-190 07:29:00:-012, 0.968, 0.014, -0.006, 3.54, -0.671, -117.432, 2.296, -81.92, 110.577, 17.600, -5.400, -44.900, 24.32, 0.65964, -0.00589, -0.70639, 0.25635,
 13:48:00.974,ff:bd:0d:cb:d7:a7, 2085-97-205 07:254:00:-008, 0.975, 0.014, -0.006, 3.54, -0.671, -117.432, 2.296, -81.92, 110.577, 17.600, -5.400, -44.900, 24.32, 0.65964, -0.00589, -0.70639, 0.25635,
 13:48:01.034,ff:bd:0d:cb:d7:a7, 2085-97-205 07:254:00:-008, 0.956, 0.124, -0.004, 3.601, -0.61, -116.028, 5.361, -87.83, 107.814, 17.600, -5.400, -44.900, 24.32, 0.65964, -0.00589, -0.70639, 0.25635,
 13:48:01.049,f9:a2:89:42:44:2c, 2085-97-112 251:176:249:-260, -0.542, -0.773, -0.097, -25.635, 26.489, -38.574, -6.262, -5.746, -55.552, -12.300, -0.100, 36.100, 24.36, 0.67435, -0.5217, 0.51797, -0.06842,
 13:48:01.095,ff:bd:0d:cb:d7:a7, 2085-97-165 07:207:01:-011, 0.956, 0.226, -0.005, 3.723, -0.671, -117.676, -178.693, -83.853, -67.863, 17.600, -5.400, -44.900, 24.32, 0.65964, -0.00589, -0.70639, 0.25635,
 13:48:01.095,ff:bd:0d:cb:d7:a7, 2085-113-58 00:248:07:-1852, 0.918, 0.226, -0.005, 3.723, -0.671, -117.676, -178.693, -83.853, -67.863, 17.600, -5.400, -44.900, 24.32, 0.65964, -0.00589, -0.70639, 0.25635,
 13:48:01.095,ff:bd:0d:cb:d7:a7, 2085-113-58 00:248:07:-1852, 0.918, 0.316, -0.003, 3.662, -0.793, -120.3, -178.215, -77.838, -68.016, 17.600, -5.400, -44.900, 24.32, 0.65964, -0.00589, -0.70639, 0.25635,
 13:48:01.125,ff:bd:0d:cb:d7:a7, 2085-113-58 00:248:07:-1852, 0.918, 0.316, -0.003, 3.662, -0.793, -120.3, -178.215, -77.838, -68.016, 13.600, -12.347, -15.300, 24.32, 0.65964, -0.00589, -0.70639, 0.25635,
 13:48:01.125,ff:bd:0d:cb:d7:a7, 2085-97-11 07:96:03:-012, 0.88, 0.316, -0.003, 3.662, -0.793, -120.3, -178.215, -77.838, -68.016, 13.600, -12.347, -15.300, 24.32, 0.65964, -0.00589, -0.70639, 0.25635,
 13:48:01.139,f9:a2:89:42:44:2c, 2085-97-246 251:128:249:-391, -0.476, -0.8, -0.156, -27.771, 28.381, -41.504, -10.344, -10.201, -58.019, -24.100, 1.440, 33.200, 24.36, 0.67435, -0.5217, 0.51797, -0.06842,
 13:48:01.155,ff:bd:0d:cb:d7:a7, 2085-97-11 07:96:03:-012, 0.819, 0.422, -0.006, 3.967, -0.732, -123.169, -178, -71.647, -67.934, 13.600, -12.347, -15.300, 24.32, 0.65964, -0.00589, -0.70639, 0.25635,
 13:48:01.155,ff:bd:0d:cb:d7:a7, 2085-113-81 00:76:90:8650, 0.819, 0.507, -0.003, 3.845, -0.916, -125.549, -177.841, -65.402, -67.72, 13.600, -12.347, -15.300, 24.32, 0.70544, 0.26398, -0.65756, 0.01187,
 13:48:01.199,f9:a2:89:42:44:2c, 2085-113-81 00:49:76:-19813, -0.418, -0.821, -0.213, -29.785, 30.701, -44.861, -14.249, -15.09, -60.128, -24.100, 1.440, 33.200, 24.36, 0.59525, -0.60464, 0.51196, -0.13361,
 13:48:01.245,ff:bd:0d:cb:d7:a7, 2085-113-81 00:76:90:8650, 0.819, 0.507, -0.003, 3.845, -0.916, -125.549, -177.841, -65.402, -67.72, 13.600, -12.347, -15.300, 24.32, 0.70544, 0.26398, -0.65756, 0.01187,
 13:48:01.245,ff:bd:0d:cb:d7:a7, 2085-97-57 06:223:04:-019, 0.778, 0.507, -0.003, 3.845, -0.916, -125.549, -177.841, -65.402, -67.72, 13.600, -12.347, -15.300, 24.32, 0.70544, 0.26398, -0.65756, 0.01187,
 13:48:01.274,ff:bd:0d:cb:d7:a7, 2085-97-57 06:223:04:-019, 0.713, 0.609, -0.009, 3.784, -0.916, -126.526, -177.693, -59.041, -67.588, 13.600, -12.347, -15.300, 24.32, 0.70544, 0.26398, -0.65756, 0.01187,
 13:48:01.289,f9:a2:89:42:44:2c, 2085-97-06 253:44:249:-618, -0.324, -0.838, -0.265, -30.518, 30.945, -45.715, -16.15, -17.699, -61.057, -24.100, 1.440, 33.200, 24.36, 0.59525, -0.60464, 0.51196, -0.13361,
 13:48:01.335,ff:bd:0d:cb:d7:a7, 2085-97-181 05:168:05:-033, 0.713, 0.707, -0.016, 3.967, -0.854, -127.258, -177.545, -52.652, -67.5, 13.600, -12.347, -15.300, 24.32, 0.70544, 0.26398, -0.65756, 0.01187,
 13:48:01.335,ff:bd:0d:cb:d7:a7, 2085-97-14 05:72:06:-040, 0.632, 0.707, -0.016, 3.967, -0.854, -127.258, -177.545, -52.652, -67.5, 13.600, -12.347, -15.300, 24.32, 0.70544, 0.26398, -0.65756, 0.01187,
 13:48:01.364,ff:bd:0d:cb:d7:a7, 2085-97-14 05:72:06:-040, 0.545, 0.785, -0.02, 3.967, -0.854, -128.052, -177.402, -46.214, -67.401, 13.600, -12.347, -15.300, 24.32, 0.70544, 0.26398, -0.65756, 0.01187,
 13:48:01.364,ff:bd:0d:cb:d7:a7, 2085-113-58 00:134:16:-3024, 0.545, 0.872, -0.025, 4.15, -0.671, -130.859, -177.259, -39.628, -67.286, 13.600, -12.347, -15.300, 24.32, 0.70544, 0.26398, -0.65756, 0.01187,
 13:48:01.379,f9:a2:89:42:44:2c, 2085-97-200 253:11:249:-774, -0.245, -0.864, -0.343, -29.846, 30.64, -44.8, -19.715, -23, -62.589, -24.100, 1.440, 33.200, 24.36, 0.59525, -0.60464, 0.51196, -0.13361,
 13:48:01.439,f9:a2:89:42:44:2c, 2085-113-58 00:248:233:428, -0.192, -0.863, -0.392, -28.625, 29.419, -42.908, -22.928, -28.196, -63.71, -37.600, 2.853, 25.300, 24.36, 0.59525, -0.60464, 0.51196, -0.13361,
 13:48:01.455,ff:bd:0d:cb:d7:a7, 2085-113-58 00:134:16:-3024, 0.545, 0.872, -0.025, 4.15, -0.671, -130.859, -177.259, -39.628, -67.286, 28.200, -20.160, 19.100, 24.32, 0.70544, 0.26398, -0.65756, 0.01187,
 13:48:01.455,ff:bd:0d:cb:d7:a7, 2085-97-128 03:86:07:-052, 0.438, 0.872, -0.025, 4.15, -0.671, -130.859, -177.259, -39.628, -67.286, 28.200, -20.160, 19.100, 24.32, 0.70544, 0.26398, -0.65756, 0.01187,
 13:48:01.455,ff:bd:0d:cb:d7:a7, 2085-113-81 00:10:86:14968, 0.438, 0.917, -0.025, 3.967, -0.916, -131.409, -177.111, -33.008, -67.159, 28.200, -20.160, 19.100, 24.32, 0.70544, 0.26398, -0.65756, 0.01187,
 13:48:01.484,ff:bd:0d:cb:d7:a7, 2085-113-81 00:10:86:14968, 0.369, 0.917, -0.025, 3.967, -0.916, -131.409, -177.111, -33.008, -67.159, 28.200, -20.160, 19.100, 24.32, 0.67218, 0.45679, -0.54953, -0.19351,
 13:48:01.515,ff:bd:0d:cb:d7:a7, 2085-97-243 02:227:07:-058, 0.369, 0.986, -0.028, 3.906, -0.977, -129.578, -176.957, -26.395, -67.022, 28.200, -20.160, 19.100, 24.32, 0.67218, 0.45679, -0.54953, -0.19351,
 13:48:01.515,ff:bd:0d:cb:d7:a7, 2085-97-235 01:39:08:-074, 0.24, 0.986, -0.028, 3.906, -0.977, -129.578, -176.957, -26.395, -67.022, 28.200, -20.160, 19.100, 24.32, 0.67218, 0.45679, -0.54953, -0.19351,
 13:48:01.559,f9:a2:89:42:44:2c, 2085-97-205 254:11:249:-944, -0.101, -0.863, -0.432, -27.71, 28.198, -41.504, -24.417, -30.729, -64.138, -37.600, 2.853, 25.300, 24.36, 0.47629, -0.69675, 0.49106, -0.21555,
 13:48:01.574,ff:bd:0d:cb:d7:a7, 2085-97-235 01:39:08:-074, 0.143, 1.019, -0.036, 3.967, -0.732, -130.615, -176.797, -19.841, -66.874, 28.200, -20.160, 19.100, 24.32, 0.67218, 0.45679, -0.54953, -0.19351,
 13:48:01.649,f9:a2:89:42:44:2c, 2085-97-119 255:16:249:-1056, -0.048, -0.877, -0.496, -22.644, 23.193, -33.997, -27.015, -35.294, -64.737, -37.600, 2.853, 25.300, 24.36, 0.47629, -0.69675, 0.49106, -0.21555,
 13:48:01.665,ff:bd:0d:cb:d7:a7, 2085-97-37 01:99:08:-077, 0.143, 1.048, -0.038, 3.906, -0.793, -127.502, -176.627, -13.321, -66.714, 28.200, -20.160, 19.100, 24.32, 0.67218, 0.45679, -0.54953, -0.19351,
 13:48:01.665,ff:bd:0d:cb:d7:a7, 2085-97-20 00:94:08:-089, 0.01, 1.048, -0.038, 3.906, -0.793, -127.502, -176.627, -13.321, -66.714, 28.200, -20.160, 19.100, 24.32, 0.67218, 0.45679, -0.54953, -0.19351,
 13:48:01.694,ff:bd:0d:cb:d7:a7, 2085-97-20 00:94:08:-089, -0.119, 1.046, -0.043, 3.967, -0.671, -127.808, -176.44, -6.839, -66.539, 28.200, -20.160, 19.100, 24.32, 0.67218, 0.45679, -0.54953, -0.19351,
 13:48:01.694,ff:bd:0d:cb:d7:a7, 2085-113-58 00:66:39:-4690, -0.119, 1.034, -0.047, 4.028, -1.038, -131.104, -176.232, -0.385, -66.346, 28.200, -20.160, 19.100, 24.32, 0.67218, 0.45679, -0.54953, -0.19351,
 13:48:01.694,ff:bd:0d:cb:d7:a7, 2085-113-58 00:66:39:-4690, -0.119, 1.034, -0.047, 4.028, -1.038, -131.104, -176.232, -0.385, -66.346, 28.200, -20.160, 19.100, 24.32, 0.67218, 0.45679, -0.54953, -0.19351,
 13:48:01.725,ff:bd:0d:cb:d7:a7, 2085-113-58 00:66:39:-4690, -0.195, 1.034, -0.047, 4.028, -1.038, -131.104, -176.232, -0.385, -66.346, 67.000, -31.267, 39.500, 24.32, 0.67218, 0.45679, -0.54953, -0.19351,
 13:48:01.739,f9:a2:89:42:44:2c, 2085-97-216 255:41:249:-1097, 0.01, -0.857, -0.516, -18.25, 18.433, -26.978, -29.075, -39.023, -65.072, -44.100, -2.260, 19.100, 24.36, 0.47629, -0.69675, 0.49106, -0.21555,
 13:48:01.784,ff:bd:0d:cb:d7:a7, 2085-97-112 254:98:08:-106, -0.195, 1.048, -0.052, 3.906, -0.916, -129.395, -176.006, 6.163, -66.132, 67.000, -31.267, 39.500, 24.32, 0.67218, 0.45679, -0.54953, -0.19351,
 13:48:01.784,ff:bd:0d:cb:d7:a7, 2085-113-81 00:240:69:20786, -0.297, 1.048, -0.052, 3.906, -0.916, -129.395, -176.006, 6.163, -66.132, 67.000, -31.267, 39.500, 24.32, 0.67218, 0.45679, -0.54953, -0.19351,
 13:48:01.784,ff:bd:0d:cb:d7:a7, 2085-113-81 00:240:69:20786, -0.297, 1.027, -0.055, 3.967, -0.854, -128.601, -175.743, 12.695, -65.885, 67.000, -31.267, 39.500, 24.32, 0.67218, 0.45679, -0.54953, -0.19351,
 13:48:01.829,f9:a2:89:42:44:2c, 2085-113-81 00:47:52:-24146, 0.026, -0.857, -0.56, -12.878, 12.878, -19.226, -30.586, -41.803, -65.231, -44.100, -2.260, 19.100, 24.36, 0.40768, -0.73688, 0.47424, -0.25644,
 13:48:01.843,ff:bd:0d:cb:d7:a7, 2085-113-81 00:240:69:20786, -0.297, 1.027, -0.055, 3.967, -0.854, -128.601, -175.743, 12.695, -65.885, 67.000, -31.267, 39.500, 24.32, 0.54639, 0.63434, -0.34808, -0.42163,
 13:48:01.843,ff:bd:0d:cb:d7:a7, 2085-97-163 252:204:07:-117, -0.42, 1.027, -0.055, 3.967, -0.854, -128.601, -175.743, 12.695, -65.885, 67.000, -31.267, 39.500, 24.32, 0.54639, 0.63434, -0.34808, -0.42163,
 13:48:01.903,ff:bd:0d:cb:d7:a7, 2085-97-163 252:204:07:-117, -0.524, 0.975, -0.057, 3.967, -0.671, -127.686, -175.446, 19.193, -65.599, 67.000, -31.267, 39.500, 24.32, 0.54639, 0.63434, -0.34808, -0.42163,
 13:48:01.919,f9:a2:89:42:44:2c, 2085-97-79 00:64:249:-1161, 0.043, -0.85, -0.566, -10.01, 9.766, -14.832, -31.146, -42.83, -65.275, -44.100, -2.260, 19.100, 24.36, 0.40768, -0.73688, 0.47424, -0.25644,
 13:48:01.935,ff:bd:0d:cb:d7:a7, 2085-97-207 251:102:07:-126, -0.524, 0.925, -0.062, 4.028, -0.854, -129.272, -175.095, 25.724, -65.259, 67.000, -31.267, 39.500, 24.32, 0.54639, 0.63434, -0.34808, -0.42163,
 13:48:01.935,ff:bd:0d:cb:d7:a7, 2085-97-19 251:237:06:-133, -0.616, 0.925, -0.062, 4.028, -0.854, -129.272, -175.095, 25.724, -65.259, 67.000, -31.267, 39.500, 24.32, 0.54639, 0.63434, -0.34808, -0.42163,
 13:48:01.949,f9:a2:89:42:44:2c, 2085-97-100 00:69:249:-1172, 0.05, -0.838, -0.563, -5.127, 4.578, -7.141, -31.855, -44.143, -65.325, -44.100, -2.260, 19.100, 24.36, 0.40768, -0.73688, 0.47424, -0.25644,
 13:48:01.964,ff:bd:0d:cb:d7:a7, 2085-97-19 251:237:06:-133, -0.687, 0.866, -0.065, 3.906, -0.854, -126.953, -174.683, 32.168, -64.863, 67.000, -31.267, 39.500, 24.32, 0.54639, 0.63434, -0.34808, -0.42163,
 13:48:02.010,f9:a2:89:42:44:2c, 2085-113-58 00:162:229:-036, 0.048, -0.836, -0.569, -0.183, -0.488, 0.183, -32.058, -44.528, -65.336, -45.000, -0.240, 17.100, 24.36, 0.40768, -0.73688, 0.47424, -0.25644,
 13:48:02.024,ff:bd:0d:cb:d7:a7, 2085-97-130 250:105:06:-134, -0.687, 0.801, -0.065, 3.662, -0.732, -122.314, -174.199, 38.436, -64.391, 67.000, -31.267, 39.500, 24.32, 0.54639, 0.63434, -0.34808, -0.42163,
 13:48:02.054,ff:bd:0d:cb:d7:a7, 2085-113-58 00:109:56:-5580, -0.764, 0.801, -0.065, 3.662, -0.732, -122.314, -174.199, 38.436, -64.391, 96.300, -37.200, 29.500, 24.32, 0.54639, 0.63434, -0.34808, -0.42163,
 13:48:02.085,ff:bd:0d:cb:d7:a7, 2085-97-228 249:197:05:-134, -0.764, 0.721, -0.065, 3.784, -0.793, -122.559, -173.611, 44.615, -63.814, 96.300, -37.200, 29.500, 24.32, 0.54639, 0.63434, -0.34808, -0.42163,
 13:48:02.085,ff:bd:0d:cb:d7:a7, 2085-97-89 249:19:05:-143, -0.832, 0.721, -0.065, 3.784, -0.793, -122.559, -173.611, 44.615, -63.814, 96.300, -37.200, 29.500, 24.32, 0.54639, 0.63434, -0.34808, -0.42163,
 13:48:02.085,ff:bd:0d:cb:d7:a7, 2085-113-81 00:53:45:23643, -0.832, 0.634, -0.07, 3.723, -0.793, -120.789, -172.859, 50.74, -63.067, 96.300, -37.200, 29.500, 24.32, 0.54639, 0.63434, -0.34808, -0.42163,
 13:48:02.099,f9:a2:89:42:44:2c, 2085-113-81 00:26:50:-24418, 0.042, -0.837, -0.565, 1.831, -2.686, 3.235, -31.992, -44.423, -65.33, -45.000, -0.240, 17.100, 24.36, 0.39142, -0.74518, 0.46988, -0.26569,
 13:48:02.143,ff:bd:0d:cb:d7:a7, 2085-113-81 00:53:45:23643, -0.906, 0.634, -0.07, 3.723, -0.793, -120.789, -172.859, 50.74, -63.067, 96.300, -37.200, 29.500, 24.32, 0.35318, 0.72153, -0.10867, -0.58542,
 13:48:02.174,ff:bd:0d:cb:d7:a7, 2085-97-193 248:70:04:-143, -0.906, 0.534, -0.07, 3.723, -0.732, -121.887, -171.843, 56.882, -62.067, 96.300, -37.200, 29.500, 24.32, 0.35318, 0.72153, -0.10867, -0.58542,
 13:48:02.174,ff:bd:0d:cb:d7:a7, 2085-97-27 248:93:03:-150, -0.987, 0.534, -0.07, 3.723, -0.732, -121.887, -171.843, 56.882, -62.067, 96.300, -37.200, 29.500, 24.32, 0.35318, 0.72153, -0.10867, -0.58542,
 13:48:02.220,f9:a2:89:42:44:2c, 2085-97-73 00:67:249:-1154, 0.024, -0.838, -0.562, 3.845, -4.822, 6.348, -31.822, -44.116, -65.325, -45.000, -0.240, 17.100, 24.36, 0.39142, -0.74518, 0.46988, -0.26569,
 13:48:02.249,f9:a2:89:42:44:2c, 2085-97-25 00:55:249:-1134, -0.015, -0.844, -0.558, 7.629, -8.728, 12.207, -31.201, -42.973, -65.297, -45.000, -0.240, 17.100, 24.36, 0.39142, -0.74518, 0.46988, -0.26569,
 13:48:02.263,ff:bd:0d:cb:d7:a7, 2085-97-27 248:93:03:-150, -1, 0.42, -0.073, 3.906, -0.854, -123.962, -170.398, 62.996, -60.634, 96.300, -37.200, 29.500, 24.32, 0.35318, 0.72153, -0.10867, -0.58542,
 13:48:02.295,ff:bd:0d:cb:d7:a7, 2085-97-01 248:186:02:-164, -1, 0.341, -0.08, 3.784, -0.549, -125.122, -168.107, 69.225, -58.354, 96.300, -37.200, 29.500, 24.32, 0.35318, 0.72153, -0.10867, -0.58542,
 13:48:02.295,ff:bd:0d:cb:d7:a7, 2085-97-241 247:233:01:-145, -1.007, 0.341, -0.08, 3.784, -0.549, -125.122, -168.107, 69.225, -58.354, 96.300, -37.200, 29.500, 24.32, 0.35318, 0.72153, -0.10867, -0.58542,
 13:48:02.295,ff:bd:0d:cb:d7:a7, 2085-113-58 00:241:59:-4645, -1.007, 0.239, -0.071, 3.845, -0.61, -122.62, -163.982, 75.317, -54.185, 96.300, -37.200, 29.500, 24.32, 0.35318, 0.72153, -0.10867, -0.58542,
 13:48:02.325,ff:bd:0d:cb:d7:a7, 2085-113-58 00:241:59:-4645, -1.003, 0.239, -0.071, 3.845, -0.61, -122.62, -163.982, 75.317, -54.185, 102.300, -30.967, -0.800, 24.32, 0.35318, 0.72153, -0.10867, -0.58542,
 13:48:02.339,f9:a2:89:42:44:2c, 2085-113-58 00:205:231:491, -0.032, -0.846, -0.53, 11.292, -12.634, 17.639, -30.19, -41.127, -65.22, -41.300, 3.273, 19.100, 24.36, 0.39142, -0.74518, 0.46988, -0.26569,
 13:48:02.384,ff:bd:0d:cb:d7:a7, 2085-97-250 247:25:01:-140, -1.003, 0.137, -0.068, 3.54, -0.732, -118.408, -155.44, 81.118, -45.637, 102.300, -30.967, -0.800, 24.32, 0.35318, 0.72153, -0.10867, -0.58542,
 13:48:02.384,ff:bd:0d:cb:d7:a7, 2085-113-81 00:229:20:23739, -1.015, 0.137, -0.068, 3.54, -0.732, -118.408, -155.44, 81.118, -45.637, 102.300, -30.967, -0.800, 24.32, 0.35318, 0.72153, -0.10867, -0.58542,
 13:48:02.384,ff:bd:0d:cb:d7:a7, 2085-113-81 00:229:20:23739, -1.015, 0.031, -0.068, 3.784, -0.671, -120.911, -127.634, 86.149, -17.831, 102.300, -30.967, -0.800, 24.32, 0.35318, 0.72153, -0.10867, -0.58542,
 13:48:02.429,f9:a2:89:42:44:2c, 2085-113-81 00:207:54:-23777, -0.048, -0.852, -0.524, 13.062, -14.465, 20.325, -29.553, -39.957, -65.154, -41.300, 3.273, 19.100, 24.36, 0.42819, -0.72562, 0.47961, -0.24493,
 13:48:02.445,ff:bd:0d:cb:d7:a7, 2085-113-81 00:229:20:23739, -1.015, 0.031, -0.068, 3.784, -0.671, -120.911, -127.634, 86.149, -17.831, 102.300, -30.967, -0.800, 24.32, 0.16324, 0.72446, 0.0965, -0.66263,
 13:48:02.445,ff:bd:0d:cb:d7:a7, 2085-97-228 247:90:255:-138, -1.014, 0.031, -0.068, 3.784, -0.671, -120.911, -127.634, 86.149, -17.831, 102.300, -30.967, -0.800, 24.32, 0.16324, 0.72446, 0.0965, -0.66263,
 13:48:02.489,f9:a2:89:42:44:2c, 2085-97-102 255:26:249:-1030, -0.096, -0.861, -0.523, 14.709, -16.174, 22.888, -28.828, -38.639, -65.061, -41.300, 3.273, 19.100, 24.36, 0.42819, -0.72562, 0.47961, -0.24493,
 13:48:02.503,ff:bd:0d:cb:d7:a7, 2085-97-228 247:90:255:-138, -0.982, -0.081, -0.067, 3.601, -0.671, -119.385, -51.515, 86.347, 58.271, 102.300, -30.967, -0.800, 24.32, 0.16324, 0.72446, 0.0965, -0.66263,
 13:48:02.535,ff:bd:0d:cb:d7:a7, 2085-97-36 248:144:254:-135, -0.982, -0.18, -0.066, 3.662, -0.61, -118.958, -21.511, 81.431, 88.281, 102.300, -30.967, -0.800, 24.32, 0.16324, 0.72446, 0.0965, -0.66263,
 13:48:02.535,ff:bd:0d:cb:d7:a7, 2085-97-59 248:170:253:-139, -0.971, -0.18, -0.066, 3.662, -0.61, -118.958, -21.511, 81.431, 88.281, 102.300, -30.967, -0.800, 24.32, 0.16324, 0.72446, 0.0965, -0.66263,
 13:48:02.549,f9:a2:89:42:44:2c, 2085-97-248 254:04:249:-974, -0.161, -0.871, -0.496, 18.86, -20.752, 29.175, -27.065, -35.453, -64.77, -41.300, 3.273, 19.100, 24.36, 0.42819, -0.72562, 0.47961, -0.24493,
 13:48:02.565,ff:bd:0d:cb:d7:a7, 2085-97-59 248:170:253:-139, -0.917, -0.292, -0.068, 3.723, -0.793, -118.225, -12.59, 75.745, 97.191, 102.300, -30.967, -0.800, 24.32, 0.16324, 0.72446, 0.0965, -0.66263,
 13:48:02.610,f9:a2:89:42:44:2c, 2085-113-58 00:96:235:321, -0.21, -0.878, -0.462, 23.071, -24.841, 35.461, -24.857, -31.558, -64.265, -35.200, 2.140, 26.100, 24.36, 0.42819, -0.72562, 0.47961, -0.24493,
 13:48:02.624,ff:bd:0d:cb:d7:a7, 2085-97-170 248:247:252:-126, -0.917, -0.379, -0.062, 3.601, -0.854, -116.394, -8.503, 69.933, 101.283, 102.300, -30.967, -0.800, 24.32, 0.16324, 0.72446, 0.0965, -0.66263,
 13:48:02.656,ff:bd:0d:cb:d7:a7, 2085-113-58 00:111:54:-3558, -0.871, -0.379, -0.062, 3.601, -0.854, -116.394, -8.503, 69.933, 101.283, 92.900, -23.720, -29.000, 24.32, 0.16324, 0.72446, 0.0965, -0.66263,
 13:48:02.685,ff:bd:0d:cb:d7:a7, 2085-97-08 249:50:252:-127, -0.871, -0.476, -0.062, 3.357, -0.732, -110.901, -6.224, 64.286, 103.557, 92.900, -23.720, -29.000, 24.32, 0.16324, 0.72446, 0.0965, -0.66263,
 13:48:02.685,ff:bd:0d:cb:d7:a7, 2085-97-114 249:135:251:-118, -0.819, -0.476, -0.062, 3.357, -0.732, -110.901, -6.224, 64.286, 103.557, 92.900, -23.720, -29.000, 24.32, 0.16324, 0.72446, 0.0965, -0.66263,
 13:48:02.685,ff:bd:0d:cb:d7:a7, 2085-113-81 00:225:246:21380, -0.819, -0.559, -0.058, 3.235, -0.671, -107.056, -4.79, 58.859, 104.991, 92.900, -23.720, -29.000, 24.32, 0.16324, 0.72446, 0.0965, -0.66263,
 13:48:02.700,f9:a2:89:42:44:2c, 2085-113-81 00:229:64:-22153, -0.25, -0.871, -0.421, 24.17, -26.245, 37.292, -23.577, -29.372, -63.907, -35.200, 2.140, 26.100, 24.36, 0.50699, -0.67606, 0.49731, -0.19623,
 13:48:02.745,ff:bd:0d:cb:d7:a7, 2085-113-81 00:225:246:21380, -0.784, -0.559, -0.058, 3.235, -0.671, -107.056, -4.79, 58.859, 104.991, 92.900, -23.720, -29.000, 24.32, -0.07126, 0.65247, 0.32114, -0.68262,
 13:48:02.775,ff:bd:0d:cb:d7:a7, 2085-97-187 249:210:250:-110, -0.784, -0.647, -0.054, 3.174, -0.732, -109.436, -3.757, 53.454, 106.024, 92.900, -23.720, -29.000, 24.32, -0.07126, 0.65247, 0.32114, -0.68262,
 13:48:02.775,ff:bd:0d:cb:d7:a7, 2085-97-126 250:110:250:-106, -0.688, -0.647, -0.054, 3.174, -0.732, -109.436, -3.757, 53.454, 106.024, 92.900, -23.720, -29.000, 24.32, -0.07126, 0.65247, 0.32114, -0.68262,
 13:48:02.819,f9:a2:89:42:44:2c, 2085-97-189 253:08:249:-762, -0.32, -0.87, -0.394, 24.963, -26.917, 38.391, -22.225, -27.103, -63.479, -35.200, 2.140, 26.100, 24.36, 0.50699, -0.67606, 0.49731, -0.19623,
 13:48:02.849,f9:a2:89:42:44:2c, 2085-97-05 253:47:249:-618, -0.415, -0.867, -0.347, 28.564, -30.823, 44.006, -19.188, -22.264, -62.342, -35.200, 2.140, 26.100, 24.36, 0.50699, -0.67606, 0.49731, -0.19623,
 13:48:02.864,ff:bd:0d:cb:d7:a7, 2085-97-126 250:110:250:-106, -0.628, -0.696, -0.052, 3.174, -0.549, -108.154, -2.977, 47.983, 106.815, 92.900, -23.720, -29.000, 24.32, -0.07126, 0.65247, 0.32114, -0.68262,
 13:48:02.896,ff:bd:0d:cb:d7:a7, 2085-97-249 250:221:249:-091, -0.628, -0.767, -0.044, 2.869, -0.366, -106.873, -2.368, 42.594, 107.419, 92.900, -23.720, -29.000, 24.32, -0.07126, 0.65247, 0.32114, -0.68262,
 13:48:02.896,ff:bd:0d:cb:d7:a7, 2085-97-178 251:131:249:-087, -0.538, -0.767, -0.044, 2.869, -0.366, -106.873, -2.368, 42.594, 107.419, 92.900, -23.720, -29.000, 24.32, -0.07126, 0.65247, 0.32114, -0.68262,
 13:48:02.896,ff:bd:0d:cb:d7:a7, 2085-113-58 00:90:45:-1652, -0.538, -0.811, -0.042, 3.052, -0.427, -104.736, -1.884, 37.271, 107.908, 92.900, -23.720, -29.000, 24.32, -0.07126, 0.65247, 0.32114, -0.68262,
 13:48:02.911,f9:a2:89:42:44:2c, 2085-113-58 00:136:240:-093, -0.456, -0.843, -0.263, 30.212, -32.593, 46.814, -15.546, -16.924, -60.694, -26.400, -0.620, 31.700, 24.36, 0.50699, -0.67606, 0.49731, -0.19623,
 13:48:02.954,ff:bd:0d:cb:d7:a7, 2085-113-58 00:90:45:-1652, -0.489, -0.811, -0.042, 3.052, -0.427, -104.736, -1.884, 37.271, 107.908, 77.400, -11.013, -47.100, 24.32, -0.07126, 0.65247, 0.32114, -0.68262,
 13:48:02.984,ff:bd:0d:cb:d7:a7, 2085-97-23 252:05:249:-085, -0.489, -0.873, -0.042, 3.296, -0.793, -107.544, -1.478, 31.954, 108.32, 77.400, -11.013, -47.100, 24.32, -0.07126, 0.65247, 0.32114, -0.68262,
 13:48:02.984,ff:bd:0d:cb:d7:a7, 2085-97-242 252:211:248:-079, -0.382, -0.873, -0.042, 3.296, -0.793, -107.544, -1.478, 31.954, 108.32, 77.400, -11.013, -47.100, 24.32, -0.07126, 0.65247, 0.32114, -0.68262,
 13:48:02.984,ff:bd:0d:cb:d7:a7, 2085-113-81 00:27:222:17490, -0.382, -0.897, -0.039, 3.723, -0.854, -110.657, -1.11, 26.439, 108.693, 77.400, -11.013, -47.100, 24.32, -0.07126, 0.65247, 0.32114, -0.68262,
 13:48:03.030,f9:a2:89:42:44:2c, 2085-113-81 00:87:78:-19317, -0.489, -0.832, -0.23, 30.701, -32.959, 47.424, -13.53, -14.211, -59.667, -26.400, -0.620, 31.700, 24.36, 0.61203, -0.58951, 0.51309, -0.12048,
 13:48:03.074,ff:bd:0d:cb:d7:a7, 2085-113-81 00:27:222:17490, -0.308, -0.897, -0.039, 3.723, -0.854, -110.657, -1.11, 26.439, 108.693, 77.400, -11.013, -47.100, 24.32, -0.2648, 0.53375, 0.48474, -0.64023,
 13:48:03.089,f9:a2:89:42:44:2c, 2085-97-157 251:177:249:-290, -0.59, -0.821, -0.201, 32.41, -34.729, 49.988, -11.327, -11.437, -58.447, -26.400, -0.620, 31.700, 24.36, 0.61203, -0.58951, 0.51309, -0.12048,
 13:48:03.104,ff:bd:0d:cb:d7:a7, 2085-97-138 253:135:248:-069, -0.308, -0.934, -0.034, 3.418, -0.793, -113.647, -0.797, 20.814, 109.006, 77.400, -11.013, -47.100, 24.32, -0.2648, 0.53375, 0.48474, -0.64023,
 13:48:03.104,ff:bd:0d:cb:d7:a7, 2085-97-115 254:122:248:-064, -0.194, -0.934, -0.034, 3.418, -0.793, -113.647, -0.797, 20.814, 109.006, 77.400, -11.013, -47.100, 24.32, -0.2648, 0.53375, 0.48474, -0.64023,
 13:48:03.134,ff:bd:0d:cb:d7:a7, 2085-97-115 254:122:248:-064, -0.094, -0.94, -0.031, 3.418, -0.793, -116.089, -0.516, 15.024, 109.303, 77.400, -11.013, -47.100, 24.32, -0.2648, 0.53375, 0.48474, -0.64023,
 13:48:03.195,ff:bd:0d:cb:d7:a7, 2085-97-64 255:104:248:-056, -0.094, -0.949, -0.027, 3.662, -0.977, -121.765, -0.264, 9.014, 109.561, 77.400, -11.013, -47.100, 24.32, -0.2648, 0.53375, 0.48474, -0.64023,
 13:48:03.195,ff:bd:0d:cb:d7:a7, 2085-97-28 00:123:248:-057, 0.014, -0.949, -0.027, 3.662, -0.977, -121.765, -0.264, 9.014, 109.561, 77.400, -11.013, -47.100, 24.32, -0.2648, 0.53375, 0.48474, -0.64023,
 13:48:03.195,ff:bd:0d:cb:d7:a7, 2085-113-58 00:165:30:-917, 0.014, -0.94, -0.028, 3.906, -0.671, -125.488, -0.033, 2.769, 109.814, 77.400, -11.013, -47.100, 24.32, -0.2648, 0.53375, 0.48474, -0.64023,
 13:48:03.239,f9:a2:89:42:44:2c, 2085-97-231 250:23:250:-098, -0.683, -0.766, -0.095, 32.104, -34.546, 49.5, -6.334, -5.878, -55.404, -9.900, 6.413, 36.100, 24.36, 0.61203, -0.58951, 0.51309, -0.12048,
 13:48:03.254,ff:bd:0d:cb:d7:a7, 2085-113-58 00:165:30:-917, 0.117, -0.94, -0.028, 3.906, -0.671, -125.488, -0.033, 2.769, 109.814, 52.300, -6.113, -59.600, 24.32, -0.2648, 0.53375, 0.48474, -0.64023,
 13:48:03.254,ff:bd:0d:cb:d7:a7, 2085-113-81 00:68:200:12248, 0.117, -0.926, -0.026, 4.089, -0.61, -130.676, 0.181, -3.73, 110.039, 52.300, -6.113, -59.600, 24.32, -0.2648, 0.53375, 0.48474, -0.64023,
 13:48:03.254,ff:bd:0d:cb:d7:a7, 2085-113-81 00:68:200:12248, 0.117, -0.926, -0.026, 4.089, -0.61, -130.676, 0.181, -3.73, 110.039, 52.300, -6.113, -59.600, 24.32, -0.2648, 0.53375, 0.48474, -0.64023,
 13:48:03.298,f9:a2:89:42:44:2c, 2085-97-62 250:135:250:085, -0.752, -0.71, 0.006, 28.076, -30.334, 43.701, -0.901, -0.857, -51.713, -9.900, 6.413, 36.100, 24.36, 0.70786, -0.48083, 0.51611, -0.03555,
 13:48:03.314,ff:bd:0d:cb:d7:a7, 2085-113-81 00:68:200:12248, 0.217, -0.926, -0.026, 4.089, -0.61, -130.676, 0.181, -3.73, 110.039, 52.300, -6.113, -59.600, 24.32, -0.43542, 0.37378, 0.60858, -0.54794,
 13:48:03.343,ff:bd:0d:cb:d7:a7, 2085-97-188 01:186:248:-035, 0.217, -0.909, -0.017, 4.15, -0.671, -133.85, 0.385, -10.404, 110.264, 52.300, -6.113, -59.600, 24.32, -0.43542, 0.37378, 0.60858, -0.54794,
 13:48:03.343,ff:bd:0d:cb:d7:a7, 2085-97-203 02:33:249:-021, 0.349, -0.909, -0.017, 4.15, -0.671, -133.85, 0.385, -10.404, 110.264, 52.300, -6.113, -59.600, 24.32, -0.43542, 0.37378, 0.60858, -0.54794,
 13:48:03.374,ff:bd:0d:cb:d7:a7, 2085-97-203 02:33:249:-021, 0.469, -0.859, -0.01, 4.089, -0.977, -133.972, 0.566, -17.172, 110.468, 52.300, -6.113, -59.600, 24.32, -0.43542, 0.37378, 0.60858, -0.54794,
 13:48:03.419,f9:a2:89:42:44:2c, 2085-97-212 249:215:250:191, -0.789, -0.661, 0.07, 19.165, -20.752, 29.48, 4.037, 2.889, -48.098, -9.900, 6.413, 36.100, 24.36, 0.70786, -0.48083, 0.51611, -0.03555,
 13:48:03.464,ff:bd:0d:cb:d7:a7, 2085-97-192 03:168:249:-017, 0.469, -0.793, -0.008, 4.089, -0.916, -133.484, 0.736, -23.901, 110.671, 52.300, -6.113, -59.600, 24.32, -0.43542, 0.37378, 0.60858, -0.54794,
 13:48:03.464,ff:bd:0d:cb:d7:a7, 2085-97-136 04:35:250:-016, 0.566, -0.793, -0.008, 4.089, -0.916, -133.484, 0.736, -23.901, 110.671, 52.300, -6.113, -59.600, 24.32, -0.43542, 0.37378, 0.60858, -0.54794,
 13:48:03.494,ff:bd:0d:cb:d7:a7, 2085-97-136 04:35:250:-016, 0.645, -0.733, -0.008, 3.967, -0.671, -129.944, 0.895, -30.553, 110.852, 52.300, -6.113, -59.600, 24.32, -0.43542, 0.37378, 0.60858, -0.54794,
 13:48:03.494,ff:bd:0d:cb:d7:a7, 2085-113-58 00:90:15:-1130, 0.645, -0.664, -0.004, 4.089, -1.099, -130.554, 1.038, -37.172, 111.044, 52.300, -6.113, -59.600, 24.32, -0.43542, 0.37378, 0.60858, -0.54794,
 13:48:03.494,ff:bd:0d:cb:d7:a7, 2085-113-58 00:90:15:-1130, 0.645, -0.664, -0.004, 4.089, -1.099, -130.554, 1.038, -37.172, 111.044, 52.300, -6.113, -59.600, 24.32, -0.43542, 0.37378, 0.60858, -0.54794,
 13:48:03.539,f9:a2:89:42:44:2c, 2085-97-191 249:233:250:235, -0.782, -0.633, 0.121, 5.127, -6.104, 8.423, 6.828, 4.719, -45.95, -4.800, 2.267, 35.800, 24.36, 0.70786, -0.48083, 0.51611, -0.03555,
 13:48:03.554,ff:bd:0d:cb:d7:a7, 2085-113-58 00:90:15:-1130, 0.703, -0.664, -0.004, 4.089, -1.099, -130.554, 1.038, -37.172, 111.044, 26.200, -7.533, -52.200, 24.32, -0.43542, 0.37378, 0.60858, -0.54794,
 13:48:03.554,ff:bd:0d:cb:d7:a7, 2085-113-81 00:124:179:4449, 0.703, -0.601, -0.004, 3.845, -0.732, -128.54, 1.176, -43.649, 111.204, 26.200, -7.533, -52.200, 24.32, -0.43542, 0.37378, 0.60858, -0.54794,
 13:48:03.554,ff:bd:0d:cb:d7:a7, 2085-113-81 00:124:179:4449, 0.703, -0.601, -0.004, 3.845, -0.732, -128.54, 1.176, -43.649, 111.204, 26.200, -7.533, -52.200, 24.32, -0.43542, 0.37378, 0.60858, -0.54794,
 13:48:03.585,ff:bd:0d:cb:d7:a7, 2085-113-81 00:124:179:4449, 0.819, -0.601, -0.004, 3.845, -0.732, -128.54, 1.176, -43.649, 111.204, 26.200, -7.533, -52.200, 24.32, -0.59778, 0.13577, 0.69476, -0.37607,
 13:48:03.599,f9:a2:89:42:44:2c, 2085-97-228 249:192:250:192, -0.739, -0.637, 0.104, -6.775, 6.714, -10.01, 6.652, 4.625, -46.055, -4.800, 2.267, 35.800, 24.36, 0.70786, -0.48083, 0.51611, -0.03555,
 13:48:03.659,f9:a2:89:42:44:2c, 2085-113-81 00:144:91:-15437, -0.716, -0.672, 0.062, -15.869, 15.991, -23.376, 4.136, 2.983, -47.906, -4.800, 2.267, 35.800, 24.36, 0.71533, -0.4711, 0.51526, -0.02707,
 13:48:03.675,ff:bd:0d:cb:d7:a7, 2085-97-142 06:39:252:-007, 0.819, -0.481, -0.003, 3.723, -0.732, -124.146, 1.307, -50.026, 111.379, 26.200, -7.533, -52.200, 24.32, -0.59778, 0.13577, 0.69476, -0.37607,
 13:48:03.675,ff:bd:0d:cb:d7:a7, 2085-97-237 06:228:252:-006, 0.866, -0.481, -0.003, 3.723, -0.732, -124.146, 1.307, -50.026, 111.379, 26.200, -7.533, -52.200, 24.32, -0.59778, 0.13577, 0.69476, -0.37607,
 13:48:03.704,ff:bd:0d:cb:d7:a7, 2085-97-237 06:228:252:-006, 0.902, -0.389, -0.003, 3.906, -0.793, -125.305, 1.434, -56.354, 111.533, 26.200, -7.533, -52.200, 24.32, -0.59778, 0.13577, 0.69476, -0.37607,
 13:48:03.737,ff:bd:0d:cb:d7:a7, 2085-97-56 07:164:253:-009, 0.902, -0.295, -0.004, 3.906, -0.732, -122.437, 1.566, -62.606, 111.698, 26.200, -7.533, -52.200, 24.32, -0.59778, 0.13577, 0.69476, -0.37607,
 13:48:03.737,ff:bd:0d:cb:d7:a7, 2085-97-98 07:92:254:005, 0.923, -0.295, -0.004, 3.906, -0.732, -122.437, 1.566, -62.606, 111.698, 26.200, -7.533, -52.200, 24.32, -0.59778, 0.13577, 0.69476, -0.37607,
 13:48:03.749,f9:a2:89:42:44:2c, 2085-97-118 250:90:250:007, -0.683, -0.688, 0.036, -18.372, 18.86, -27.71, 2.357, 1.719, -49.202, -4.800, 2.267, 35.800, 24.36, 0.71533, -0.4711, 0.51526, -0.02707,
 13:48:03.793,ff:bd:0d:cb:d7:a7, 2085-97-98 07:92:254:005, 0.91, -0.205, 0.002, 3.906, -0.793, -123.23, 1.703, -68.846, 111.835, 26.200, -7.533, -52.200, 24.32, -0.59778, 0.13577, 0.69476, -0.37607,
 13:48:03.793,ff:bd:0d:cb:d7:a7, 2085-113-58 00:218:07:-1443, 0.91, -0.127, 0.001, 3.784, -0.854, -125.671, 1.879, -75.048, 111.956, 13.400, -9.620, -36.000, 24.32, -0.59778, 0.13577, 0.69476, -0.37607,
 13:48:03.839,f9:a2:89:42:44:2c, 2085-97-221 250:07:250:-110, -0.604, -0.717, -0.009, -24.17, 24.536, -36.194, -1.769, -1.56, -52.108, -4.800, 2.267, 35.800, 24.36, 0.71533, -0.4711, 0.51526, -0.02707,
 13:48:03.855,ff:bd:0d:cb:d7:a7, 2085-113-58 00:218:07:-1443, 0.91, -0.127, 0.001, 3.784, -0.854, -125.671, 1.879, -75.048, 111.956, 13.400, -9.620, -36.000, 24.32, -0.59778, 0.13577, 0.69476, -0.37607,
 13:48:03.855,ff:bd:0d:cb:d7:a7, 2085-97-173 07:21:00:-001, 0.959, -0.127, 0.001, 3.784, -0.854, -125.671, 1.879, -75.048, 111.956, 13.400, -9.620, -36.000, 24.32, -0.59778, 0.13577, 0.69476, -0.37607,
 13:48:03.855,ff:bd:0d:cb:d7:a7, 2085-113-81 00:47:168:-3467, 0.959, 0.01, 0, 3.662, -0.793, -125.183, 2.131, -81.37, 111.967, 13.400, -9.620, -36.000, 24.32, -0.59778, 0.13577, 0.69476, -0.37607,
 13:48:03.900,f9:a2:89:42:44:2c, 2085-113-58 00:146:245:729, -0.566, -0.77, -0.093, -27.771, 28.32, -41.443, -6.158, -5.647, -55.003, -17.800, 4.860, 35.500, 24.36, 0.71533, -0.4711, 0.51526, -0.02707,
 13:48:03.914,ff:bd:0d:cb:d7:a7, 2085-113-81 00:47:168:-3467, 0.969, 0.01, 0, 3.662, -0.793, -125.183, 2.131, -81.37, 111.967, 13.400, -9.620, -36.000, 24.32, -0.59778, 0.13577, 0.69476, -0.37607,
 13:48:03.943,ff:bd:0d:cb:d7:a7, 2085-97-192 07:16:01:-008, 0.969, 0.133, -0.004, 3.845, -0.854, -125.793, 4.219, -87.704, 110.193, 13.400, -9.620, -36.000, 24.32, -0.59778, 0.13577, 0.69476, -0.37607,
 13:48:03.943,ff:bd:0d:cb:d7:a7, 2085-97-164 07:246:01:-008, 0.955, 0.133, -0.004, 3.845, -0.854, -125.793, 4.219, -87.704, 110.193, 13.400, -9.620, -36.000, 24.32, -0.59778, 0.13577, 0.69476, -0.37607,
 13:48:03.958,f9:a2:89:42:44:2c, 2085-113-81 00:121:81:-18571, -0.528, -0.789, -0.131, -28.442, 29.297, -42.786, -8.355, -7.96, -56.365, -17.800, 4.860, 35.500, 24.36, 0.63651, -0.56674, 0.51364, -0.09866,
 13:48:04.064,ff:bd:0d:cb:d7:a7, 2085-97-164 07:246:01:-008, 0.929, 0.245, -0.004, 3.906, -0.732, -124.146, -178.489, -83.595, -66.813, 13.400, -9.620, -36.000, 24.32, -0.59778, 0.13577, 0.69476, -0.37607,
 13:48:04.064,ff:bd:0d:cb:d7:a7, 2085-97-111 07:213:02:-008, 0.929, 0.354, -0.004, 4.028, -0.732, -124.817, -178.127, -77.261, -66.841, 13.400, -9.620, -36.000, 24.32, -0.59778, 0.13577, 0.69476, -0.37607,
 13:48:04.064,ff:bd:0d:cb:d7:a7, 2085-97-23 07:126:03:-006, 0.886, 0.354, -0.004, 4.028, -0.732, -124.817, -178.127, -77.261, -66.841, 13.400, -9.620, -36.000, 24.32, -0.59778, 0.13577, 0.69476, -0.37607,
 13:48:04.080,f9:a2:89:42:44:2c, 2085-97-252 251:128:249:-389, -0.449, -0.804, -0.169, -29.48, 30.334, -44.434, -10.514, -10.415, -57.64, -17.800, 4.860, 35.500, 24.36, 0.63651, -0.56674, 0.51364, -0.09866,
 13:48:04.095,ff:bd:0d:cb:d7:a7, 2085-97-23 07:126:03:-006, 0.842, 0.437, -0.003, 3.662, -0.854, -122.07, -177.946, -71.021, -66.72, 13.400, -9.620, -36.000, 24.32, -0.59778, 0.13577, 0.69476, -0.37607,
 13:48:04.095,ff:bd:0d:cb:d7:a7, 2085-113-58 00:201:09:-2722, 0.842, 0.537, -0.009, 3.662, -0.793, -119.873, -177.803, -64.913, -66.495, 13.400, -9.620, -36.000, 24.32, -0.59778, 0.13577, 0.69476, -0.37607,
 13:48:04.095,ff:bd:0d:cb:d7:a7, 2085-113-58 00:201:09:-2722, 0.842, 0.537, -0.009, 3.662, -0.793, -119.873, -177.803, -64.913, -66.495, 13.400, -9.620, -36.000, 24.32, -0.59778, 0.13577, 0.69476, -0.37607,
 13:48:04.109,f9:a2:89:42:44:2c, 2085-97-192 252:55:249:-569, -0.364, -0.833, -0.242, -30.518, 31.128, -45.776, -14.601, -15.579, -59.832, -17.800, 4.860, 35.500, 24.36, 0.63651, -0.56674, 0.51364, -0.09866,
 13:48:04.155,ff:bd:0d:cb:d7:a7, 2085-113-58 00:201:09:-2722, 0.761, 0.537, -0.009, 3.662, -0.793, -119.873, -177.803, -64.913, -66.495, 16.700, -18.147, -2.500, 24.32, -0.59778, 0.13577, 0.69476, -0.37607,
 13:48:04.155,ff:bd:0d:cb:d7:a7, 2085-113-81 00:09:166:-10872, 0.761, 0.611, -0.012, 3.723, -0.793, -121.277, -177.676, -58.843, -66.292, 16.700, -18.147, -2.500, 24.32, -0.59778, 0.13577, 0.69476, -0.37607,
 13:48:04.155,ff:bd:0d:cb:d7:a7, 2085-113-81 00:09:166:-10872, 0.761, 0.611, -0.012, 3.723, -0.793, -121.277, -177.676, -58.843, -66.292, 16.700, -18.147, -2.500, 24.32, -0.59778, 0.13577, 0.69476, -0.37607,
 13:48:04.183,ff:bd:0d:cb:d7:a7, 2085-113-81 00:09:166:-10872, 0.729, 0.611, -0.012, 3.723, -0.793, -121.277, -177.676, -58.843, -66.292, 16.700, -18.147, -2.500, 24.32, -0.70285, -0.33179, 0.62778, 0.04089,
 13:48:04.199,f9:a2:89:42:44:2c, 2085-113-58 00:230:236:293, -0.319, -0.856, -0.312, -28.809, 29.541, -43.152, -18.215, -20.72, -61.501, -32.600, 1.953, 29.500, 24.36, 0.63651, -0.56674, 0.51364, -0.09866,
 13:48:04.260,f9:a2:89:42:44:2c, 2085-113-81 00:161:69:-21331, -0.277, -0.864, -0.351, -28.625, 29.175, -42.786, -19.874, -23.253, -62.177, -32.600, 1.953, 29.500, 24.36, 0.54398, -0.65097, 0.50156, -0.16919,
 13:48:04.274,ff:bd:0d:cb:d7:a7, 2085-97-214 05:170:05:-027, 0.729, 0.708, -0.013, 3.479, -0.854, -117.859, -177.539, -52.811, -66.209, 16.700, -18.147, -2.500, 24.32, -0.70285, -0.33179, 0.62778, 0.04089,
 13:48:04.274,ff:bd:0d:cb:d7:a7, 2085-97-26 05:61:06:-043, 0.638, 0.708, -0.013, 3.479, -0.854, -117.859, -177.539, -52.811, -66.209, 16.700, -18.147, -2.500, 24.32, -0.70285, -0.33179, 0.62778, 0.04089,
 13:48:04.304,ff:bd:0d:cb:d7:a7, 2085-97-26 05:61:06:-043, 0.561, 0.78, -0.021, 3.723, -0.793, -119.995, -177.413, -46.807, -66.116, 16.700, -18.147, -2.500, 24.32, -0.70285, -0.33179, 0.62778, 0.04089,
 13:48:04.334,ff:bd:0d:cb:d7:a7, 2085-97-124 04:215:06:-050, 0.561, 0.855, -0.024, 3.906, -0.549, -121.826, -177.275, -40.677, -66.006, 16.700, -18.147, -2.500, 24.32, -0.70285, -0.33179, 0.62778, 0.04089,
 13:48:04.334,ff:bd:0d:cb:d7:a7, 2085-97-203 03:99:07:-056, 0.474, 0.855, -0.024, 3.906, -0.549, -121.826, -177.275, -40.677, -66.006, 16.700, -18.147, -2.500, 24.32, -0.70285, -0.33179, 0.62778, 0.04089,
 13:48:04.348,f9:a2:89:42:44:2c, 2085-97-18 254:10:249:-818, -0.206, -0.875, -0.378, -26.733, 27.527, -40.039, -21.407, -25.703, -62.743, -32.600, 1.953, 29.500, 24.36, 0.54398, -0.65097, 0.50156, -0.16919,
 13:48:04.393,ff:bd:0d:cb:d7:a7, 2085-97-203 03:99:07:-056, 0.364, 0.923, -0.027, 3.784, -0.732, -124.634, -177.138, -34.376, -65.891, 16.700, -18.147, -2.500, 24.32, -0.70285, -0.33179, 0.62778, 0.04089,
 13:48:04.393,ff:bd:0d:cb:d7:a7, 2085-113-58 00:145:20:-3530, 0.364, 0.956, -0.031, 3.784, -0.732, -124.084, -176.995, -28.092, -65.759, 16.700, -18.147, -2.500, 24.32, -0.70285, -0.33179, 0.62778, 0.04089,
 13:48:04.440,f9:a2:89:42:44:2c, 2085-97-185 254:17:249:-930, -0.122, -0.861, -0.421, -26.062, 26.55, -38.879, -24.258, -30.454, -63.622, -32.600, 1.953, 29.500, 24.36, 0.54398, -0.65097, 0.50156, -0.16919,
 13:48:04.455,ff:bd:0d:cb:d7:a7, 2085-113-58 00:145:20:-3530, 0.364, 0.956, -0.031, 3.784, -0.732, -124.084, -176.995, -28.092, -65.759, 35.100, -23.533, 26.100, 24.32, -0.70285, -0.33179, 0.62778, 0.04089,
 13:48:04.455,ff:bd:0d:cb:d7:a7, 2085-97-56 02:06:08:-064, 0.277, 0.956, -0.031, 3.784, -0.732, -124.084, -176.995, -28.092, -65.759, 35.100, -23.533, 26.100, 24.32, -0.70285, -0.33179, 0.62778, 0.04089,
 13:48:04.455,ff:bd:0d:cb:d7:a7, 2085-113-81 00:17:173:-17089, 0.277, 1.003, -0.031, 3.784, -0.854, -123.413, -176.841, -21.808, -65.627, 35.100, -23.533, 26.100, 24.32, -0.70285, -0.33179, 0.62778, 0.04089,
 13:48:04.515,ff:bd:0d:cb:d7:a7, 2085-113-81 00:17:173:-17089, 0.14, 1.003, -0.031, 3.784, -0.854, -123.413, -176.841, -21.808, -65.627, 35.100, -23.533, 26.100, 24.32, -0.64792, -0.52151, 0.49234, 0.25635,
 13:48:04.529,f9:a2:89:42:44:2c, 2085-113-58 00:39:232:089, -0.079, -0.864, -0.476, -22.949, 23.315, -34.241, -26.779, -34.871, -64.221, -40.700, 0.593, 22.500, 24.36, 0.54398, -0.65097, 0.50156, -0.16919,
 13:48:04.545,ff:bd:0d:cb:d7:a7, 2085-97-30 01:29:08:-076, 0.14, 1.014, -0.037, 3.906, -0.854, -125.854, -176.682, -15.584, -65.473, 35.100, -23.533, 26.100, 24.32, -0.64792, -0.52151, 0.49234, 0.25635,
 13:48:04.545,ff:bd:0d:cb:d7:a7, 2085-97-144 00:109:08:-084, 0.07, 1.014, -0.037, 3.906, -0.854, -125.854, -176.682, -15.584, -65.473, 35.100, -23.533, 26.100, 24.32, -0.64792, -0.52151, 0.49234, 0.25635,
 13:48:04.560,f9:a2:89:42:44:2c, 2085-113-81 00:60:56:-23656, -0.05, -0.871, -0.509, -20.203, 20.447, -30.09, -27.85, -36.804, -64.418, -40.700, 0.593, 22.500, 24.36, 0.43933, -0.72192, 0.47916, -0.23685,
 13:48:04.605,ff:bd:0d:cb:d7:a7, 2085-97-144 00:109:08:-084, -0.056, 1.053, -0.041, 3.784, -0.854, -123.718, -176.506, -9.267, -65.314, 35.100, -23.533, 26.100, 24.32, -0.64792, -0.52151, 0.49234, 0.25635,
 13:48:04.664,ff:bd:0d:cb:d7:a7, 2085-97-142 255:103:08:-097, -0.056, 1.05, -0.047, 3.906, -0.793, -125.305, -176.314, -2.977, -65.132, 35.100, -23.533, 26.100, 24.32, -0.64792, -0.52151, 0.49234, 0.25635,
 13:48:04.664,ff:bd:0d:cb:d7:a7, 2085-97-193 254:93:08:-102, -0.156, 1.05, -0.047, 3.906, -0.793, -125.305, -176.314, -2.977, -65.132, 35.100, -23.533, 26.100, 24.32, -0.64792, -0.52151, 0.49234, 0.25635,
 13:48:04.664,ff:bd:0d:cb:d7:a7, 2085-113-58 00:79:41:-4764, -0.156, 1.045, -0.05, 3.784, -0.671, -124.451, -176.105, 3.351, -64.935, 35.100, -23.533, 26.100, 24.32, -0.64792, -0.52151, 0.49234, 0.25635,
 13:48:04.679,f9:a2:89:42:44:2c, 2085-97-207 255:28:249:-1101, -0.001, -0.864, -0.522, -18.433, 18.677, -27.466, -28.812, -38.546, -64.561, -40.700, 0.593, 22.500, 24.36, 0.43933, -0.72192, 0.47916, -0.23685,
 13:48:04.725,ff:bd:0d:cb:d7:a7, 2085-113-58 00:79:41:-4764, -0.259, 1.045, -0.05, 3.784, -0.671, -124.451, -176.105, 3.351, -64.935, 70.500, -31.760, 39.600, 24.32, -0.64792, -0.52151, 0.49234, 0.25635,
 13:48:04.725,ff:bd:0d:cb:d7:a7, 2085-113-81 00:223:186:-21194, -0.259, 1.03, -0.051, 3.845, -0.671, -125, -175.864, 9.723, -64.709, 70.500, -31.760, 39.600, 24.32, -0.64792, -0.52151, 0.49234, 0.25635,
 13:48:04.725,ff:bd:0d:cb:d7:a7, 2085-113-81 00:223:186:-21194, -0.259, 1.03, -0.051, 3.845, -0.671, -125, -175.864, 9.723, -64.709, 70.500, -31.760, 39.600, 24.32, -0.64792, -0.52151, 0.49234, 0.25635,
 13:48:04.755,ff:bd:0d:cb:d7:a7, 2085-113-81 00:223:186:-21194, -0.388, 1.03, -0.051, 3.845, -0.671, -125, -175.864, 9.723, -64.709, 70.500, -31.760, 39.600, 24.32, -0.54007, -0.64679, 0.32562, 0.42877,
 13:48:04.770,f9:a2:89:42:44:2c, 2085-97-23 00:62:249:-1127, 0.029, -0.853, -0.547, -13.489, 13.428, -19.958, -30.366, -41.396, -64.737, -40.700, 0.593, 22.500, 24.36, 0.43933, -0.72192, 0.47916, -0.23685,
 13:48:04.785,ff:bd:0d:cb:d7:a7, 2085-97-230 252:216:07:-119, -0.388, 0.98, -0.058, 3.906, -0.854, -124.023, -175.594, 15.991, -64.457, 70.500, -31.760, 39.600, 24.32, -0.54007, -0.64679, 0.32562, 0.42877,
 13:48:04.785,ff:bd:0d:cb:d7:a7, 2085-97-48 252:140:07:-123, -0.477, 0.98, -0.058, 3.906, -0.854, -124.023, -175.594, 15.991, -64.457, 70.500, -31.760, 39.600, 24.32, -0.54007, -0.64679, 0.32562, 0.42877,
 13:48:04.829,f9:a2:89:42:44:2c, 2085-113-58 00:162:229:178, 0.042, -0.842, -0.559, -8.484, 8.179, -12.268, -31.415, -43.341, -64.819, -45.000, 1.187, 16.300, 24.36, 0.43933, -0.72192, 0.47916, -0.23685,
 13:48:04.874,ff:bd:0d:cb:d7:a7, 2085-97-48 252:140:07:-123, -0.574, 0.943, -0.06, 3.784, -0.793, -122.192, -175.292, 22.165, -64.16, 70.500, -31.760, 39.600, 24.32, -0.54007, -0.64679, 0.32562, 0.42877,
 13:48:04.905,ff:bd:0d:cb:d7:a7, 2085-97-104 251:34:07:-127, -0.574, 0.892, -0.062, 3.906, -0.793, -125.122, -174.93, 28.389, -63.82, 70.500, -31.760, 39.600, 24.32, -0.54007, -0.64679, 0.32562, 0.42877,
 13:48:04.905,ff:bd:0d:cb:d7:a7, 2085-97-09 251:195:06:-129, -0.621, 0.892, -0.062, 3.906, -0.793, -125.122, -174.93, 28.389, -63.82, 70.500, -31.760, 39.600, 24.32, -0.54007, -0.64679, 0.32562, 0.42877,
 13:48:04.918,f9:a2:89:42:44:2c, 2085-97-96 00:73:249:-1168, 0.049, -0.844, -0.569, -5.798, 5.371, -8.362, -31.75, -43.951, -64.841, -45.000, 1.187, 16.300, 24.36, 0.39197, -0.74741, 0.46664, -0.26428,
 13:48:04.963,ff:bd:0d:cb:d7:a7, 2085-97-09 251:195:06:-129, -0.708, 0.845, -0.063, 3.601, -0.793, -119.08, -174.507, 34.547, -63.408, 70.500, -31.760, 39.600, 24.32, -0.54007, -0.64679, 0.32562, 0.42877,
 13:48:04.963,ff:bd:0d:cb:d7:a7, 2085-113-58 00:231:54:-5562, -0.708, 0.768, -0.065, 3.479, -0.793, -116.699, -174.007, 40.551, -62.924, 70.500, -31.760, 39.600, 24.32, -0.54007, -0.64679, 0.32562, 0.42877,
 13:48:04.995,ff:bd:0d:cb:d7:a7, 2085-113-58 00:231:54:-5562, -0.708, 0.768, -0.065, 3.479, -0.793, -116.699, -174.007, 40.551, -62.924, 93.700, -37.080, 29.400, 24.32, -0.54007, -0.64679, 0.32562, 0.42877,
 13:48:04.995,ff:bd:0d:cb:d7:a7, 2085-97-170 249:113:05:-135, -0.792, 0.768, -0.065, 3.479, -0.793, -116.699, -174.007, 40.551, -62.924, 93.700, -37.080, 29.400, 24.32, -0.54007, -0.64679, 0.32562, 0.42877,
 13:48:05.039,f9:a2:89:42:44:2c, 2085-97-96 00:82:249:-1163, 0.045, -0.84, -0.572, -1.221, 0.671, -1.404, -32.053, -44.528, -64.858, -45.000, 1.187, 16.300, 24.36, 0.39197, -0.74741, 0.46664, -0.26428,
 13:48:05.084,ff:bd:0d:cb:d7:a7, 2085-97-170 249:113:05:-135, -0.85, 0.68, -0.066, 3.418, -0.793, -114.014, -173.397, 46.362, -62.325, 93.700, -37.080, 29.400, 24.32, -0.37061, -0.7207, 0.11328, 0.57474,
 13:48:05.099,f9:a2:89:42:44:2c, 2085-97-83 00:71:249:-1151, 0.031, -0.837, -0.566, 2.38, -3.296, 4.211, -31.943, -44.341, -64.858, -45.000, 1.187, 16.300, 24.36, 0.39197, -0.74741, 0.46664, -0.26428,
 13:48:05.115,ff:bd:0d:cb:d7:a7, 2085-97-51 249:207:04:-133, -0.85, 0.601, -0.065, 3.357, -1.038, -115.967, -172.623, 52.224, -61.567, 93.700, -37.080, 29.400, 24.32, -0.37061, -0.7207, 0.11328, 0.57474,
 13:48:05.115,ff:bd:0d:cb:d7:a7, 2085-97-152 248:254:03:-148, -0.926, 0.601, -0.065, 3.357, -1.038, -115.967, -172.623, 52.224, -61.567, 93.700, -37.080, 29.400, 24.32, -0.37061, -0.7207, 0.11328, 0.57474,
 13:48:05.145,ff:bd:0d:cb:d7:a7, 2085-97-152 248:254:03:-148, -0.963, 0.499, -0.072, 3.479, -0.916, -114.624, -171.612, 57.997, -60.562, 93.700, -37.080, 29.400, 24.32, -0.37061, -0.7207, 0.11328, 0.57474,
 13:48:05.160,f9:a2:89:42:44:2c, 2085-113-58 00:236:230:002, 0.022, -0.84, -0.559, 5.92, -6.897, 9.521, -31.481, -43.495, -64.841, -42.800, 0.013, 18.800, 24.36, 0.39197, -0.74741, 0.46664, -0.26428,
 13:48:05.205,ff:bd:0d:cb:d7:a7, 2085-97-75 248:76:03:-145, -0.963, 0.412, -0.071, 3.418, -0.671, -115.662, -170.167, 63.792, -59.134, 93.700, -37.080, 29.400, 24.32, -0.37061, -0.7207, 0.11328, 0.57474,
 13:48:05.205,ff:bd:0d:cb:d7:a7, 2085-97-220 247:113:02:-148, -1.018, 0.412, -0.071, 3.418, -0.671, -115.662, -170.167, 63.792, -59.134, 93.700, -37.080, 29.400, 24.32, -0.37061, -0.7207, 0.11328, 0.57474,
 13:48:05.250,f9:a2:89:42:44:2c, 2085-113-81 00:116:52:-24188, 0.002, -0.844, -0.557, 7.629, -8.606, 12.085, -31.124, -42.841, -64.825, -42.800, 0.013, 18.800, 24.36, 0.40979, -0.73816, 0.47153, -0.25446,
 13:48:05.264,ff:bd:0d:cb:d7:a7, 2085-97-220 247:113:02:-148, -1.018, 0.305, -0.072, 3.54, -0.671, -116.943, -167.723, 69.532, -56.656, 103.300, -35.820, 0.900, 24.32, -0.37061, -0.7207, 0.11328, 0.57474,
 13:48:05.309,f9:a2:89:42:44:2c, 2085-97-225 255:55:249:-1098, -0.029, -0.845, -0.541, 9.033, -10.254, 14.282, -30.685, -42.039, -64.792, -42.800, 0.013, 18.800, 24.36, 0.40979, -0.73816, 0.47153, -0.25446,
 13:48:05.324,ff:bd:0d:cb:d7:a7, 2085-97-219 247:193:01:-147, -1.018, 0.219, -0.072, 3.479, -0.61, -115.967, -163.894, 75.295, -52.806, 103.300, -35.820, 0.900, 24.32, -0.37061, -0.7207, 0.11328, 0.57474,
 13:48:05.324,ff:bd:0d:cb:d7:a7, 2085-113-81 00:204:230:-23822, -1.049, 0.219, -0.072, 3.479, -0.61, -115.967, -163.894, 75.295, -52.806, 103.300, -35.820, 0.900, 24.32, -0.37061, -0.7207, 0.11328, 0.57474,
 13:48:05.324,ff:bd:0d:cb:d7:a7, 2085-113-81 00:204:230:-23822, -1.049, 0.114, -0.074, 3.723, -0.549, -119.324, -155.764, 80.914, -44.654, 103.300, -35.820, 0.900, 24.32, -0.37061, -0.7207, 0.11328, 0.57474,
 13:48:05.353,ff:bd:0d:cb:d7:a7, 2085-113-81 00:204:230:-23822, -1.049, 0.114, -0.074, 3.723, -0.549, -119.324, -155.764, 80.914, -44.654, 103.300, -35.820, 0.900, 24.32, -0.1969, -0.72699, -0.0777, 0.65311,
 13:48:05.353,ff:bd:0d:cb:d7:a7, 2085-97-227 247:58:00:-144, -1.014, 0.114, -0.074, 3.723, -0.549, -119.324, -155.764, 80.914, -44.654, 103.300, -35.820, 0.900, 24.32, -0.1969, -0.72699, -0.0777, 0.65311,
 13:48:05.370,f9:a2:89:42:44:2c, 2085-97-148 255:35:249:-1056, -0.077, -0.854, -0.529, 12.512, -13.977, 19.47, -29.548, -39.957, -64.688, -42.800, 0.013, 18.800, 24.36, 0.40979, -0.73816, 0.47153, -0.25446,
 13:48:05.414,ff:bd:0d:cb:d7:a7, 2085-97-227 247:58:00:-144, -1.007, 0.028, -0.07, 3.662, -0.671, -119.568, -129.501, 85.968, -18.402, 103.300, -35.820, 0.900, 24.32, -0.1969, -0.72699, -0.0777, 0.65311,
 13:48:05.430,f9:a2:89:42:44:2c, 2085-113-58 00:99:232:483, -0.102, -0.861, -0.503, 16.541, -18.25, 25.635, -28.01, -37.167, -64.468, -40.300, 3.220, 22.300, 24.36, 0.40979, -0.73816, 0.47153, -0.25446,
 13:48:05.475,ff:bd:0d:cb:d7:a7, 2085-97-242 247:106:255:-137, -1.007, -0.073, -0.067, 3.723, -0.061, -119.69, -54.509, 86.473, 56.574, 103.300, -35.820, 0.900, 24.32, -0.1969, -0.72699, -0.0777, 0.65311,
 13:48:05.475,ff:bd:0d:cb:d7:a7, 2085-97-30 248:142:254:-133, -0.985, -0.073, -0.067, 3.723, -0.061, -119.69, -54.509, 86.473, 56.574, 103.300, -35.820, 0.900, 24.32, -0.1969, -0.72699, -0.0777, 0.65311,
 13:48:05.505,ff:bd:0d:cb:d7:a7, 2085-97-30 248:142:254:-133, -0.955, -0.181, -0.065, 3.662, -0.916, -118.408, -22.401, 81.689, 88.676, 103.300, -35.820, 0.900, 24.32, -0.1969, -0.72699, -0.0777, 0.65311,
 13:48:05.519,f9:a2:89:42:44:2c, 2085-113-81 00:52:59:-23198, -0.125, -0.866, -0.49, 18.738, -20.508, 28.809, -27.081, -35.491, -64.303, -40.300, 3.220, 22.300, 24.36, 0.46252, -0.70795, 0.48471, -0.22314,
 13:48:05.565,ff:bd:0d:cb:d7:a7, 2085-97-93 248:199:253:-129, -0.955, -0.278, -0.063, 3.662, -0.793, -119.69, -12.909, 75.965, 98.163, 103.300, -35.820, 0.900, 24.32, -0.1969, -0.72699, -0.0777, 0.65311,
 13:48:05.565,ff:bd:0d:cb:d7:a7, 2085-113-58 00:141:54:-3704, -0.939, -0.278, -0.063, 3.662, -0.793, -119.69, -12.909, 75.965, 98.163, 103.300, -35.820, 0.900, 24.32, -0.1969, -0.72699, -0.0777, 0.65311,
 13:48:05.565,ff:bd:0d:cb:d7:a7, 2085-113-58 00:141:54:-3704, -0.939, -0.389, -0.065, 3.845, -0.977, -120.483, -8.63, 70.038, 102.437, 103.300, -35.820, 0.900, 24.32, -0.1969, -0.72699, -0.0777, 0.65311,
 13:48:05.595,ff:bd:0d:cb:d7:a7, 2085-113-58 00:141:54:-3704, -0.939, -0.389, -0.065, 3.845, -0.977, -120.483, -8.63, 70.038, 102.437, 93.100, -24.693, -25.600, 24.32, -0.1969, -0.72699, -0.0777, 0.65311,
 13:48:05.595,ff:bd:0d:cb:d7:a7, 2085-97-04 249:50:252:-128, -0.873, -0.389, -0.065, 3.845, -0.977, -120.483, -8.63, 70.038, 102.437, 93.100, -24.693, -25.600, 24.32, -0.1969, -0.72699, -0.0777, 0.65311,
 13:48:05.639,f9:a2:89:42:44:2c, 2085-97-182 254:249:248:-936, -0.19, -0.878, -0.483, 20.813, -22.705, 32.166, -26.038, -33.64, -64.083, -40.300, 3.220, 22.300, 24.36, 0.46252, -0.70795, 0.48471, -0.22314,
 13:48:05.684,ff:bd:0d:cb:d7:a7, 2085-97-04 249:50:252:-128, -0.838, -0.476, -0.062, 3.723, -0.793, -119.812, -6.207, 64.017, 104.859, 93.100, -24.693, -25.600, 24.32, 0.04654, -0.65704, -0.31305, 0.68411,
 13:48:05.700,f9:a2:89:42:44:2c, 2085-97-01 254:09:249:-812, -0.284, -0.882, -0.443, 25.879, -27.893, 39.856, -23.544, -29.323, -63.424, -40.300, 3.220, 22.300, 24.36, 0.46252, -0.70795, 0.48471, -0.22314,
 13:48:05.714,ff:bd:0d:cb:d7:a7, 2085-97-75 249:99:251:-119, -0.838, -0.577, -0.058, 3.662, -0.854, -119.751, -4.669, 58.057, 106.386, 93.100, -24.693, -25.600, 24.32, 0.04654, -0.65704, -0.31305, 0.68411,
 13:48:05.714,ff:bd:0d:cb:d7:a7, 2085-97-31 250:228:250:-106, -0.735, -0.577, -0.058, 3.662, -0.854, -119.751, -4.669, 58.057, 106.386, 93.100, -24.693, -25.600, 24.32, 0.04654, -0.65704, -0.31305, 0.68411,
 13:48:05.744,ff:bd:0d:cb:d7:a7, 2085-97-31 250:228:250:-106, -0.676, -0.639, -0.052, 3.357, -0.488, -118.408, -3.593, 52.064, 107.457, 93.100, -24.693, -25.600, 24.32, 0.04654, -0.65704, -0.31305, 0.68411,
 13:48:05.759,f9:a2:89:42:44:2c, 2085-113-58 00:63:238:368, -0.336, -0.87, -0.37, 29.785, -32.043, 45.776, -20.457, -24.247, -62.375, -30.300, 2.453, 29.800, 24.36, 0.46252, -0.70795, 0.48471, -0.22314,
 13:48:05.805,ff:bd:0d:cb:d7:a7, 2085-97-152 250:74:250:-093, -0.676, -0.714, -0.045, 3.418, -0.183, -119.812, -2.796, 46.088, 108.254, 93.100, -24.693, -25.600, 24.32, 0.04654, -0.65704, -0.31305, 0.68411,
 13:48:05.805,ff:bd:0d:cb:d7:a7, 2085-97-89 251:215:249:-083, -0.582, -0.714, -0.045, 3.418, -0.183, -119.812, -2.796, 46.088, 108.254, 93.100, -24.693, -25.600, 24.32, 0.04654, -0.65704, -0.31305, 0.68411,
 13:48:05.850,f9:a2:89:42:44:2c, 2085-113-81 00:192:73:-20471, -0.389, -0.859, -0.327, 31.006, -33.447, 47.913, -18.66, -21.462, -61.655, -30.300, 2.453, 29.800, 24.36, 0.57617, -0.62473, 0.50626, -0.14612,
 13:48:05.865,ff:bd:0d:cb:d7:a7, 2085-97-89 251:215:249:-083, -0.492, -0.77, -0.041, 3.662, -0.793, -118.286, -2.164, 40.106, 108.885, 78.300, -7.793, -46.900, 24.32, 0.04654, -0.65704, -0.31305, 0.68411,
 13:48:05.910,f9:a2:89:42:44:2c, 2085-97-155 252:75:249:-535, -0.473, -0.843, -0.285, 33.142, -35.706, 51.025, -16.666, -18.517, -60.765, -30.300, 2.453, 29.800, 24.36, 0.57617, -0.62473, 0.50626, -0.14612,
 13:48:05.924,ff:bd:0d:cb:d7:a7, 2085-97-17 252:113:249:-090, -0.492, -0.82, -0.044, 3.967, -0.916, -120.605, -1.659, 34.047, 109.391, 78.300, -7.793, -46.900, 24.32, 0.04654, -0.65704, -0.31305, 0.68411,
 13:48:05.924,ff:bd:0d:cb:d7:a7, 2085-113-81 00:03:31:-17710, -0.418, -0.82, -0.044, 3.967, -0.916, -120.605, -1.659, 34.047, 109.391, 78.300, -7.793, -46.900, 24.32, 0.04654, -0.65704, -0.31305, 0.68411,
 13:48:05.924,ff:bd:0d:cb:d7:a7, 2085-113-81 00:03:31:-17710, -0.418, -0.879, -0.045, 4.333, -0.916, -122.803, -1.23, 27.916, 109.825, 78.300, -7.793, -46.900, 24.32, 0.04654, -0.65704, -0.31305, 0.68411,
 13:48:05.954,ff:bd:0d:cb:d7:a7, 2085-113-81 00:03:31:-17710, -0.418, -0.879, -0.045, 4.333, -0.916, -122.803, -1.23, 27.916, 109.825, 78.300, -7.793, -46.900, 24.32, 0.24228, -0.54047, -0.47839, 0.64825,
 13:48:05.954,ff:bd:0d:cb:d7:a7, 2085-97-138 253:182:248:-075, -0.308, -0.879, -0.045, 4.333, -0.916, -122.803, -1.23, 27.916, 109.825, 78.300, -7.793, -46.900, 24.32, 0.24228, -0.54047, -0.47839, 0.64825,
 13:48:05.971,f9:a2:89:42:44:2c, 2085-97-245 251:141:249:-379, -0.585, -0.819, -0.219, 36.316, -38.818, 55.603, -12.052, -12.332, -58.392, -30.300, 2.453, 29.800, 24.36, 0.57617, -0.62473, 0.50626, -0.14612,
 13:48:06.013,ff:bd:0d:cb:d7:a7, 2085-97-138 253:182:248:-075, -0.226, -0.911, -0.037, 3.906, -0.793, -126.099, -0.868, 21.583, 110.187, 78.300, -7.793, -46.900, 24.32, 0.24228, -0.54047, -0.47839, 0.64825,
 13:48:06.059,f9:a2:89:42:44:2c, 2085-113-58 00:235:246:473, -0.637, -0.764, -0.104, 36.255, -38.635, 55.542, -6.509, -6.064, -55.058, -15.500, 3.153, 36.200, 24.36, 0.57617, -0.62473, 0.50626, -0.14612,
 13:48:06.075,ff:bd:0d:cb:d7:a7, 2085-97-50 254:106:248:-059, -0.226, -0.948, -0.029, 3.845, -0.977, -129.944, -0.555, 15.161, 110.511, 78.300, -7.793, -46.900, 24.32, 0.24228, -0.54047, -0.47839, 0.64825,
 13:48:06.075,ff:bd:0d:cb:d7:a7, 2085-97-83 255:119:248:-042, -0.084, -0.948, -0.029, 3.845, -0.977, -129.944, -0.555, 15.161, 110.511, 78.300, -7.793, -46.900, 24.32, 0.24228, -0.54047, -0.47839, 0.64825,
 13:48:06.118,f9:a2:89:42:44:2c, 2085-113-81 00:58:87:-16938, -0.694, -0.733, -0.041, 34.18, -36.682, 52.612, -3.516, -3.159, -53.08, -15.500, 3.153, 36.200, 24.36, 0.68146, -0.51691, 0.51468, -0.05856,
 13:48:06.164,ff:bd:0d:cb:d7:a7, 2085-97-83 255:119:248:-042, 0.04, -0.942, -0.021, 3.479, -0.977, -132.812, -0.286, 8.525, 110.792, 78.300, -7.793, -46.900, 24.32, 0.24228, -0.54047, -0.47839, 0.64825,
 13:48:06.164,ff:bd:0d:cb:d7:a7, 2085-113-58 00:92:28:-1356, 0.04, -0.917, -0.028, 4.395, -0.732, -134.888, -0.044, 1.758, 111.066, 78.300, -7.793, -46.900, 24.32, 0.24228, -0.54047, -0.47839, 0.64825,
 13:48:06.164,ff:bd:0d:cb:d7:a7, 2085-113-58 00:92:28:-1356, 0.04, -0.917, -0.028, 4.395, -0.732, -134.888, -0.044, 1.758, 111.066, 78.300, -7.793, -46.900, 24.32, 0.24228, -0.54047, -0.47839, 0.64825,
 13:48:06.164,ff:bd:0d:cb:d7:a7, 2085-113-58 00:92:28:-1356, 0.157, -0.917, -0.028, 4.395, -0.732, -134.888, -0.044, 1.758, 111.066, 78.300, -7.793, -46.900, 24.32, 0.24228, -0.54047, -0.47839, 0.64825,
 13:48:06.194,ff:bd:0d:cb:d7:a7, 2085-97-65 01:181:248:-037, 0.157, -0.912, -0.018, 4.456, -0.732, -133.057, 0.192, -5.01, 111.292, 48.400, -9.040, -59.600, 24.32, 0.24228, -0.54047, -0.47839, 0.64825,
 13:48:06.194,ff:bd:0d:cb:d7:a7, 2085-97-55 02:238:248:-033, 0.277, -0.912, -0.018, 4.456, -0.732, -133.057, 0.192, -5.01, 111.292, 48.400, -9.040, -59.600, 24.32, 0.24228, -0.54047, -0.47839, 0.64825,
 13:48:06.240,f9:a2:89:42:44:2c, 2085-97-19 250:169:250:119, -0.759, -0.699, 0.022, 29.724, -32.166, 46.204, -0.533, -0.56, -51.004, -15.500, 3.153, 36.200, 24.36, 0.68146, -0.51691, 0.51468, -0.05856,
 13:48:06.285,ff:bd:0d:cb:d7:a7, 2085-97-55 02:238:248:-033, 0.363, -0.884, -0.016, 4.15, -0.854, -131.714, 0.39, -11.711, 111.517, 48.400, -9.040, -59.600, 24.32, 0.46722, -0.32233, -0.63577, 0.52295,
 13:48:06.314,ff:bd:0d:cb:d7:a7, 2085-97-231 02:48:249:-023, 0.363, -0.852, -0.011, 4.089, -1.038, -133.423, 0.571, -18.38, 111.714, 48.400, -9.040, -59.600, 24.32, 0.46722, -0.32233, -0.63577, 0.52295,
 13:48:06.314,ff:bd:0d:cb:d7:a7, 2085-97-01 04:197:249:-023, 0.5, -0.852, -0.011, 4.089, -1.038, -133.423, 0.571, -18.38, 111.714, 48.400, -9.040, -59.600, 24.32, 0.46722, -0.32233, -0.63577, 0.52295,
 13:48:06.330,f9:a2:89:42:44:2c, 2085-97-192 249:228:250:227, -0.79, -0.655, 0.085, 17.944, -19.226, 27.649, 4.471, 3.181, -47.318, -5.200, 6.873, 34.900, 24.36, 0.68146, -0.51691, 0.51468, -0.05856,
 13:48:06.375,ff:bd:0d:cb:d7:a7, 2085-97-01 04:197:249:-023, 0.578, -0.779, -0.011, 4.028, -0.732, -128.174, 0.736, -24.955, 111.912, 48.400, -9.040, -59.600, 24.32, 0.46722, -0.32233, -0.63577, 0.52295,
 13:48:06.403,ff:bd:0d:cb:d7:a7, 2085-97-159 04:49:250:-010, 0.578, -0.726, -0.005, 4.089, -1.099, -127.441, 0.884, -31.426, 112.083, 48.400, -9.040, -59.600, 24.32, 0.46722, -0.32233, -0.63577, 0.52295,
 13:48:06.403,ff:bd:0d:cb:d7:a7, 2085-97-251 04:146:250:-010, 0.623, -0.726, -0.005, 4.089, -1.099, -127.441, 0.884, -31.426, 112.083, 48.400, -9.040, -59.600, 24.32, 0.46722, -0.32233, -0.63577, 0.52295,
 13:48:06.449,f9:a2:89:42:44:2c, 2085-97-198 249:226:250:222, -0.78, -0.634, 0.125, 3.662, -4.517, 6.409, 6.905, 4.763, -45.434, -5.200, 6.873, 34.900, 24.36, 0.72806, -0.45474, 0.51276, -0.01151,
 13:48:06.495,ff:bd:0d:cb:d7:a7, 2085-97-251 04:146:250:-010, 0.738, -0.679, -0.005, 3.906, -0.854, -128.418, 1.022, -37.848, 112.275, 48.400, -9.040, -59.600, 24.32, 0.46722, -0.32233, -0.63577, 0.52295,
 13:48:06.495,ff:bd:0d:cb:d7:a7, 2085-113-58 00:122:13:-1167, 0.738, -0.577, -0.003, 3.784, -0.732, -126.526, 1.154, -44.297, 112.44, 48.400, -9.040, -59.600, 24.32, 0.46722, -0.32233, -0.63577, 0.52295,
 13:48:06.495,ff:bd:0d:cb:d7:a7, 2085-113-58 00:122:13:-1167, 0.738, -0.577, -0.003, 3.784, -0.732, -126.526, 1.154, -44.297, 112.44, 48.400, -9.040, -59.600, 24.32, 0.46722, -0.32233, -0.63577, 0.52295,
 13:48:06.524,ff:bd:0d:cb:d7:a7, 2085-113-58 00:122:13:-1167, 0.799, -0.577, -0.003, 3.784, -0.732, -126.526, 1.154, -44.297, 112.44, 23.000, -7.780, -49.500, 24.32, 0.46722, -0.32233, -0.63577, 0.52295,
 13:48:06.539,f9:a2:89:42:44:2c, 2085-97-224 249:196:250:188, -0.729, -0.64, 0.104, -7.507, 7.324, -11.047, 6.504, 4.532, -45.714, -5.200, 6.873, 34.900, 24.36, 0.72806, -0.45474, 0.51276, -0.01151,
 13:48:06.555,ff:bd:0d:cb:d7:a7, 2085-97-100 06:22:252:-008, 0.799, -0.489, -0.004, 3.784, -0.732, -125.305, 1.28, -50.587, 112.615, 23.000, -7.780, -49.500, 24.32, 0.46722, -0.32233, -0.63577, 0.52295,
 13:48:06.555,ff:bd:0d:cb:d7:a7, 2085-113-81 00:39:80:-1988, 0.873, -0.489, -0.004, 3.784, -0.732, -125.305, 1.28, -50.587, 112.615, 23.000, -7.780, -49.500, 24.32, 0.46722, -0.32233, -0.63577, 0.52295,
 13:48:06.555,ff:bd:0d:cb:d7:a7, 2085-113-81 00:39:80:-1988, 0.873, -0.379, 0, 3.845, -0.732, -121.887, 1.401, -56.849, 112.769, 23.000, -7.780, -49.500, 24.32, 0.46722, -0.32233, -0.63577, 0.52295,
 13:48:06.614,ff:bd:0d:cb:d7:a7, 2085-113-81 00:39:80:-1988, 0.873, -0.379, 0, 3.845, -0.732, -121.887, 1.401, -56.849, 112.769, 23.000, -7.780, -49.500, 24.32, 0.62619, -0.06067, -0.70456, 0.32819,
 13:48:06.614,ff:bd:0d:cb:d7:a7, 2085-97-71 07:184:253:001, 0.91, -0.379, 0, 3.845, -0.732, -121.887, 1.401, -56.849, 112.769, 23.000, -7.780, -49.500, 24.32, 0.62619, -0.06067, -0.70456, 0.32819,
 13:48:06.659,f9:a2:89:42:44:2c, 2085-97-75 250:121:250:063, -0.698, -0.678, 0.054, -15.747, 15.93, -23.254, 3.917, 2.834, -47.615, -10.300, 5.953, 37.500, 24.36, 0.72806, -0.45474, 0.51276, -0.01151,
 13:48:06.674,ff:bd:0d:cb:d7:a7, 2085-97-71 07:184:253:001, 0.926, -0.285, 0, 3.784, -0.793, -123.047, 1.522, -63.067, 112.939, 23.000, -7.780, -49.500, 24.32, 0.62619, -0.06067, -0.70456, 0.32819,
 13:48:06.719,f9:a2:89:42:44:2c, 2085-97-165 250:47:250:-049, -0.647, -0.705, 0.011, -21.667, 22.034, -32.41, 0.132, 0.011, -50.334, -10.300, 5.953, 37.500, 24.36, 0.68713, -0.51089, 0.51385, -0.0517,
 13:48:06.735,ff:bd:0d:cb:d7:a7, 2085-97-104 07:111:254:000, 0.926, -0.196, 0, 3.845, -0.793, -123.169, 1.648, -69.285, 113.082, 23.000, -7.780, -49.500, 24.32, 0.62619, -0.06067, -0.70456, 0.32819,
 13:48:06.735,ff:bd:0d:cb:d7:a7, 2085-97-166 07:90:255:-016, 0.956, -0.196, 0, 3.845, -0.793, -123.169, 1.648, -69.285, 113.082, 23.000, -7.780, -49.500, 24.32, 0.62619, -0.06067, -0.70456, 0.32819,
 13:48:06.764,ff:bd:0d:cb:d7:a7, 2085-97-166 07:90:255:-016, 0.934, -0.081, -0.008, 3.662, -0.122, -123.901, 1.807, -75.558, 113.214, 23.000, -7.780, -49.500, 24.32, 0.62619, -0.06067, -0.70456, 0.32819,
 13:48:06.764,ff:bd:0d:cb:d7:a7, 2085-113-58 00:143:07:-1550, 0.934, 0.001, -0.003, 3.967, -0.793, -126.038, 1.983, -81.848, 113.313, 23.000, -7.780, -49.500, 24.32, 0.62619, -0.06067, -0.70456, 0.32819,
 13:48:06.764,ff:bd:0d:cb:d7:a7, 2085-113-58 00:143:07:-1550, 0.934, 0.001, -0.003, 3.967, -0.793, -126.038, 1.983, -81.848, 113.313, 23.000, -7.780, -49.500, 24.32, 0.62619, -0.06067, -0.70456, 0.32819,
 13:48:06.794,ff:bd:0d:cb:d7:a7, 2085-113-58 00:143:07:-1550, 0.967, 0.001, -0.003, 3.967, -0.793, -126.038, 1.983, -81.848, 113.313, 12.900, -10.333, -26.900, 24.32, 0.62619, -0.06067, -0.70456, 0.32819,
 13:48:06.839,f9:a2:89:42:44:2c, 2085-97-39 251:226:249:-196, -0.567, -0.742, -0.048, -26.123, 26.794, -39.246, -4.18, -3.724, -53.273, -10.300, 5.953, 37.500, 24.36, 0.68713, -0.51089, 0.51385, -0.0517,
 13:48:06.855,ff:bd:0d:cb:d7:a7, 2085-97-189 07:30:01:-011, 0.967, 0.14, -0.005, 3.601, -0.732, -124.268, 3.911, -88.165, 111.687, 12.900, -10.333, -26.900, 24.32, 0.62619, -0.06067, -0.70456, 0.32819,
 13:48:06.884,ff:bd:0d:cb:d7:a7, 2085-113-81 00:154:88:4982, 0.965, 0.14, -0.005, 3.601, -0.732, -124.268, 3.911, -88.165, 111.687, 12.900, -10.333, -26.900, 24.32, 0.6922, 0.15204, -0.69043, 0.14471,
 13:48:06.914,ff:bd:0d:cb:d7:a7, 2085-97-185 07:09:02:-018, 0.965, 0.254, -0.009, 3.662, -0.732, -121.582, -178.248, -83.238, -65.88, 12.900, -10.333, -26.900, 24.32, 0.6922, 0.15204, -0.69043, 0.14471,
 13:48:06.914,ff:bd:0d:cb:d7:a7, 2085-97-88 07:204:02:-018, 0.918, 0.254, -0.009, 3.662, -0.732, -121.582, -178.248, -83.238, -65.88, 12.900, -10.333, -26.900, 24.32, 0.6922, 0.15204, -0.69043, 0.14471,
 13:48:06.930,f9:a2:89:42:44:2c, 2085-97-215 251:128:249:-363, -0.484, -0.787, -0.134, -29.053, 29.541, -43.884, -8.591, -8.223, -56.052, -25.100, 4.200, 33.000, 24.36, 0.68713, -0.51089, 0.51385, -0.0517,
 13:48:06.975,ff:bd:0d:cb:d7:a7, 2085-97-88 07:204:02:-018, 0.905, 0.35, -0.009, 3.906, -0.671, -120.972, -178.033, -77.119, -65.77, 12.900, -10.333, -26.900, 24.32, 0.6922, 0.15204, -0.69043, 0.14471,
 13:48:07.003,ff:bd:0d:cb:d7:a7, 2085-97-62 07:175:03:-010, 0.905, 0.46, -0.005, 3.723, -0.732, -120.117, -177.885, -70.939, -65.616, 12.900, -10.333, -26.900, 24.32, 0.6922, 0.15204, -0.69043, 0.14471,
 13:48:07.003,ff:bd:0d:cb:d7:a7, 2085-97-184 06:72:04:-014, 0.84, 0.46, -0.005, 3.723, -0.732, -120.117, -177.885, -70.939, -65.616, 12.900, -10.333, -26.900, 24.32, 0.6922, 0.15204, -0.69043, 0.14471,
 13:48:07.049,f9:a2:89:42:44:2c, 2085-97-80 252:106:249:-468, -0.405, -0.822, -0.21, -29.175, 29.968, -43.701, -12.75, -13.151, -58.414, -25.100, 4.200, 33.000, 24.36, 0.58899, -0.61551, 0.50598, -0.13443,
 13:48:07.094,ff:bd:0d:cb:d7:a7, 2085-97-184 06:72:04:-014, 0.793, 0.535, -0.007, 3.662, -0.732, -117.92, -177.77, -64.929, -65.374, 12.900, -10.333, -26.900, 24.32, 0.6922, 0.15204, -0.69043, 0.14471,
 13:48:07.094,ff:bd:0d:cb:d7:a7, 2085-113-58 00:64:11:-2607, 0.793, 0.625, -0.009, 3.54, -0.793, -115.54, -177.643, -59.002, -65.237, 12.900, -10.333, -26.900, 24.32, 0.6922, 0.15204, -0.69043, 0.14471,
 13:48:07.094,ff:bd:0d:cb:d7:a7, 2085-113-58 00:64:11:-2607, 0.793, 0.625, -0.009, 3.54, -0.793, -115.54, -177.643, -59.002, -65.237, 12.900, -10.333, -26.900, 24.32, 0.6922, 0.15204, -0.69043, 0.14471,
 13:48:07.124,ff:bd:0d:cb:d7:a7, 2085-113-58 00:64:11:-2607, 0.703, 0.625, -0.009, 3.54, -0.793, -115.54, -177.643, -59.002, -65.237, 19.200, -17.380, 3.300, 24.32, 0.6922, 0.15204, -0.69043, 0.14471,
 13:48:07.139,f9:a2:89:42:44:2c, 2085-97-21 253:39:249:-632, -0.316, -0.848, -0.278, -29.297, 29.846, -43.884, -16.529, -18.259, -60.304, -25.100, 4.200, 33.000, 24.36, 0.58899, -0.61551, 0.50598, -0.13443,
 13:48:07.155,ff:bd:0d:cb:d7:a7, 2085-97-160 05:124:05:-033, 0.703, 0.686, -0.016, 3.479, -0.671, -114.563, -177.523, -53.24, -65.149, 19.200, -17.380, 3.300, 24.32, 0.6922, 0.15204, -0.69043, 0.14471,
 13:48:07.155,ff:bd:0d:cb:d7:a7, 2085-113-81 00:50:89:12711, 0.645, 0.686, -0.016, 3.479, -0.671, -114.563, -177.523, -53.24, -65.149, 19.200, -17.380, 3.300, 24.32, 0.6922, 0.15204, -0.69043, 0.14471,
 13:48:07.155,ff:bd:0d:cb:d7:a7, 2085-113-81 00:50:89:12711, 0.645, 0.764, -0.017, 3.479, -0.916, -116.638, -177.396, -47.384, -65.056, 19.200, -17.380, 3.300, 24.32, 0.6922, 0.15204, -0.69043, 0.14471,
 13:48:07.200,f9:a2:89:42:44:2c, 2085-97-176 253:24:249:-755, -0.241, -0.87, -0.35, -27.161, 27.649, -40.527, -19.847, -23.22, -61.71, -25.100, 4.200, 33.000, 24.36, 0.58899, -0.61551, 0.50598, -0.13443,
 13:48:07.215,ff:bd:0d:cb:d7:a7, 2085-113-81 00:50:89:12711, 0.645, 0.764, -0.017, 3.479, -0.916, -116.638, -177.396, -47.384, -65.056, 19.200, -17.380, 3.300, 24.32, 0.69684, 0.38791, -0.59671, -0.08817,
 13:48:07.215,ff:bd:0d:cb:d7:a7, 2085-97-127 04:168:06:-048, 0.562, 0.764, -0.017, 3.479, -0.916, -116.638, -177.396, -47.384, -65.056, 19.200, -17.380, 3.300, 24.32, 0.69684, 0.38791, -0.59671, -0.08817,
 13:48:07.260,f9:a2:89:42:44:2c, 2085-113-58 00:188:233:367, -0.197, -0.875, -0.402, -25.818, 26.428, -38.635, -22.758, -27.922, -62.732, -38.000, 2.447, 24.900, 24.36, 0.58899, -0.61551, 0.50598, -0.13443,
 13:48:07.304,ff:bd:0d:cb:d7:a7, 2085-97-127 04:168:06:-048, 0.508, 0.832, -0.023, 3.601, -0.793, -117.92, -177.27, -41.484, -64.951, 19.200, -17.380, 3.300, 24.32, 0.69684, 0.38791, -0.59671, -0.08817,
 13:48:07.319,f9:a2:89:42:44:2c, 2085-113-81 00:175:62:-22707, -0.167, -0.877, -0.437, -24.78, 25.269, -37.17, -24.104, -30.196, -63.127, -38.000, 2.447, 24.900, 24.36, 0.48972, -0.69296, 0.48801, -0.20422,
 13:48:07.335,ff:bd:0d:cb:d7:a7, 2085-97-16 04:68:07:-051, 0.508, 0.908, -0.025, 3.418, -0.732, -114.624, -177.144, -35.585, -64.841, 19.200, -17.380, 3.300, 24.32, 0.69684, 0.38791, -0.59671, -0.08817,
 13:48:07.335,ff:bd:0d:cb:d7:a7, 2085-97-81 03:168:07:-057, 0.415, 0.908, -0.025, 3.418, -0.732, -114.624, -177.144, -35.585, -64.841, 19.200, -17.380, 3.300, 24.32, 0.69684, 0.38791, -0.59671, -0.08817,
 13:48:07.364,ff:bd:0d:cb:d7:a7, 2085-97-81 03:168:07:-057, 0.3, 0.957, -0.028, 3.479, -0.854, -117.004, -177.012, -29.691, -64.72, 19.200, -17.380, 3.300, 24.32, 0.69684, 0.38791, -0.59671, -0.08817,
 13:48:07.364,ff:bd:0d:cb:d7:a7, 2085-113-58 00:05:25:-4029, 0.3, 0.991, -0.037, 3.662, -0.488, -117.92, -176.874, -23.73, -64.594, 19.200, -17.380, 3.300, 24.32, 0.69684, 0.38791, -0.59671, -0.08817,
 13:48:07.364,ff:bd:0d:cb:d7:a7, 2085-113-58 00:05:25:-4029, 0.3, 0.991, -0.037, 3.662, -0.488, -117.92, -176.874, -23.73, -64.594, 19.200, -17.380, 3.300, 24.32, 0.69684, 0.38791, -0.59671, -0.08817,
 13:48:07.425,ff:bd:0d:cb:d7:a7, 2085-113-58 00:05:25:-4029, 0.199, 0.991, -0.037, 3.662, -0.488, -117.92, -176.874, -23.73, -64.594, 42.700, -26.860, 29.200, 24.32, 0.69684, 0.38791, -0.59671, -0.08817,
 13:48:07.425,ff:bd:0d:cb:d7:a7, 2085-113-81 00:26:82:17750, 0.199, 1.024, -0.039, 3.784, -0.671, -121.155, -176.721, -17.644, -64.451, 42.700, -26.860, 29.200, 24.32, 0.69684, 0.38791, -0.59671, -0.08817,
 13:48:07.425,ff:bd:0d:cb:d7:a7, 2085-113-81 00:26:82:17750, 0.199, 1.024, -0.039, 3.784, -0.671, -121.155, -176.721, -17.644, -64.451, 42.700, -26.860, 29.200, 24.32, 0.69684, 0.38791, -0.59671, -0.08817,
 13:48:07.469,f9:a2:89:42:44:2c, 2085-97-01 255:01:249:-977, -0.1, -0.872, -0.451, -22.949, 23.499, -34.241, -25.334, -32.333, -63.452, -38.000, 2.447, 24.900, 24.36, 0.48972, -0.69296, 0.48801, -0.20422,
 13:48:07.484,ff:bd:0d:cb:d7:a7, 2085-113-81 00:26:82:17750, 0.086, 1.024, -0.039, 3.784, -0.671, -121.155, -176.721, -17.644, -64.451, 42.700, -26.860, 29.200, 24.32, 0.64142, 0.54169, -0.47134, -0.26993,
 13:48:07.499,f9:a2:89:42:44:2c, 2085-97-111 255:43:249:-1030, -0.042, -0.861, -0.487, -20.386, 20.569, -30.334, -27.548, -36.266, -63.913, -38.000, 2.447, 24.900, 24.36, 0.48972, -0.69296, 0.48801, -0.20422,
 13:48:07.544,ff:bd:0d:cb:d7:a7, 2085-97-177 00:73:08:-077, 0.086, 1.036, -0.038, 3.784, -0.61, -122.986, -176.55, -11.42, -64.297, 42.700, -26.860, 29.200, 24.32, 0.64142, 0.54169, -0.47134, -0.26993,
 13:48:07.544,ff:bd:0d:cb:d7:a7, 2085-97-210 255:93:08:-087, -0.022, 1.036, -0.038, 3.784, -0.61, -122.986, -176.55, -11.42, -64.297, 42.700, -26.860, 29.200, 24.32, 0.64142, 0.54169, -0.47134, -0.26993,
 13:48:07.575,ff:bd:0d:cb:d7:a7, 2085-97-210 255:93:08:-087, -0.151, 1.045, -0.042, 3.845, -0.732, -124.878, -176.364, -5.12, -64.122, 42.700, -26.860, 29.200, 24.32, 0.64142, 0.54169, -0.47134, -0.26993,
 13:48:07.589,f9:a2:89:42:44:2c, 2085-113-58 00:191:230:-272, -0.009, -0.853, -0.517, -17.029, 17.029, -25.146, -29.399, -39.628, -64.188, -43.100, -1.813, 19.000, 24.36, 0.48972, -0.69296, 0.48801, -0.20422,
 13:48:07.604,ff:bd:0d:cb:d7:a7, 2085-97-203 254:67:08:-099, -0.151, 1.033, -0.048, 3.906, -0.916, -127.075, -176.16, 1.214, -63.935, 42.700, -26.860, 29.200, 24.32, 0.64142, 0.54169, -0.47134, -0.26993,
 13:48:07.604,ff:bd:0d:cb:d7:a7, 2085-97-29 254:64:08:-100, -0.236, 1.033, -0.048, 3.906, -0.916, -127.075, -176.16, 1.214, -63.935, 42.700, -26.860, 29.200, 24.32, 0.64142, 0.54169, -0.47134, -0.26993,
 13:48:07.649,f9:a2:89:42:44:2c, 2085-113-81 00:15:53:-24187, 0.012, -0.855, -0.542, -14.343, 14.282, -21.057, -30.157, -41.017, -64.27, -43.100, -1.813, 19.000, 24.36, 0.41452, -0.73813, 0.4696, -0.2504,
 13:48:07.725,ff:bd:0d:cb:d7:a7, 2085-97-29 254:64:08:-100, -0.333, 1.031, -0.049, 3.906, -0.916, -126.587, -175.93, 7.608, -63.715, 74.500, -33.260, 40.100, 24.32, 0.64142, 0.54169, -0.47134, -0.26993,
 13:48:07.725,ff:bd:0d:cb:d7:a7, 2085-97-86 253:30:08:-116, -0.333, 1.015, -0.057, 4.028, -0.854, -128.723, -175.66, 14.095, -63.463, 74.500, -33.260, 40.100, 24.32, 0.64142, 0.54169, -0.47134, -0.26993,
 13:48:07.725,ff:bd:0d:cb:d7:a7, 2085-97-108 252:179:07:-117, -0.447, 1.015, -0.057, 4.028, -0.854, -128.723, -175.66, 14.095, -63.463, 74.500, -33.260, 40.100, 24.32, 0.64142, 0.54169, -0.47134, -0.26993,
 13:48:07.739,f9:a2:89:42:44:2c, 2085-97-56 00:55:249:-1150, 0.042, -0.852, -0.556, -11.841, 11.658, -17.456, -30.784, -42.177, -64.325, -43.100, -1.813, 19.000, 24.36, 0.41452, -0.73813, 0.4696, -0.2504,
 13:48:07.785,ff:bd:0d:cb:d7:a7, 2085-97-108 252:179:07:-117, -0.552, 0.962, -0.057, 3.906, -0.671, -127.441, -175.353, 20.572, -63.166, 74.500, -33.260, 40.100, 24.32, 0.64142, 0.54169, -0.47134, -0.26993,
 13:48:07.785,ff:bd:0d:cb:d7:a7, 2085-113-81 00:19:63:22344, -0.552, 0.908, -0.062, 4.028, -0.854, -128.723, -174.99, 27.098, -62.82, 74.500, -33.260, 40.100, 24.32, 0.64142, 0.54169, -0.47134, -0.26993,
 13:48:07.814,ff:bd:0d:cb:d7:a7, 2085-113-81 00:19:63:22344, -0.552, 0.908, -0.062, 4.028, -0.854, -128.723, -174.99, 27.098, -62.82, 74.500, -33.260, 40.100, 24.32, 0.49277, 0.68188, -0.25049, -0.47888,
 13:48:07.814,ff:bd:0d:cb:d7:a7, 2085-97-150 250:170:06:-140, -0.677, 0.908, -0.062, 4.028, -0.854, -128.723, -174.99, 27.098, -62.82, 74.500, -33.260, 40.100, 24.32, 0.49277, 0.68188, -0.25049, -0.47888,
 13:48:07.830,f9:a2:89:42:44:2c, 2085-97-93 00:73:249:-1160, 0.051, -0.842, -0.567, -6.775, 6.409, -9.583, -31.668, -43.808, -64.385, -43.100, -1.813, 19.000, 24.36, 0.41452, -0.73813, 0.4696, -0.2504,
 13:48:07.891,f9:a2:89:42:44:2c, 2085-113-58 00:237:229:-302, 0.046, -0.837, -0.572, -1.831, 1.221, -2.136, -32.047, -44.517, -64.413, -44.500, -2.013, 17.100, 24.36, 0.41452, -0.73813, 0.4696, -0.2504,
 13:48:07.904,ff:bd:0d:cb:d7:a7, 2085-97-150 250:170:06:-140, -0.694, 0.833, -0.068, 4.211, -0.732, -131.348, -174.556, 33.58, -62.402, 74.500, -33.260, 40.100, 24.32, 0.49277, 0.68188, -0.25049, -0.47888,
 13:48:07.935,ff:bd:0d:cb:d7:a7, 2085-97-114 250:84:06:-130, -0.694, 0.791, -0.063, 3.845, -0.916, -125.366, -174.029, 40.056, -61.891, 74.500, -33.260, 40.100, 24.32, 0.49277, 0.68188, -0.25049, -0.47888,
 13:48:07.935,ff:bd:0d:cb:d7:a7, 2085-97-214 249:160:05:-130, -0.771, 0.791, -0.063, 3.845, -0.916, -125.366, -174.029, 40.056, -61.891, 74.500, -33.260, 40.100, 24.32, 0.49277, 0.68188, -0.25049, -0.47888,
 13:48:07.965,ff:bd:0d:cb:d7:a7, 2085-97-214 249:160:05:-130, -0.887, 0.703, -0.063, 3.784, -0.916, -124.023, -173.381, 46.368, -61.254, 74.500, -33.260, 40.100, 24.32, 0.49277, 0.68188, -0.25049, -0.47888,
 13:48:07.980,f9:a2:89:42:44:2c, 2085-97-96 00:75:249:-1157, 0.042, -0.834, -0.567, 0.244, -1.16, 0.732, -32.058, -44.539, -64.413, -44.500, -2.013, 17.100, 24.36, 0.39371, -0.74887, 0.4639, -0.26245,
 13:48:08.024,ff:bd:0d:cb:d7:a7, 2085-97-231 248:176:04:-149, -0.887, 0.586, -0.073, 3.906, -0.793, -125.671, -172.535, 52.668, -60.425, 74.500, -33.260, 40.100, 24.32, 0.49277, 0.68188, -0.25049, -0.47888,
 13:48:08.024,ff:bd:0d:cb:d7:a7, 2085-113-58 00:180:60:-5543, -0.93, 0.586, -0.073, 3.906, -0.793, -125.671, -172.535, 52.668, -60.425, 74.500, -33.260, 40.100, 24.32, 0.49277, 0.68188, -0.25049, -0.47888,
 13:48:08.024,ff:bd:0d:cb:d7:a7, 2085-113-58 00:180:60:-5543, -0.93, 0.503, -0.077, 3.967, -0.854, -127.319, -171.343, 59.079, -59.249, 74.500, -33.260, 40.100, 24.32, 0.49277, 0.68188, -0.25049, -0.47888,
 13:48:08.115,ff:bd:0d:cb:d7:a7, 2085-113-58 00:180:60:-5543, -0.93, 0.503, -0.077, 3.967, -0.854, -127.319, -171.343, 59.079, -59.249, 103.600, -36.953, 18.100, 24.32, 0.49277, 0.68188, -0.25049, -0.47888,
 13:48:08.115,ff:bd:0d:cb:d7:a7, 2085-97-21 248:37:03:-162, -0.99, 0.503, -0.077, 3.967, -0.854, -127.319, -171.343, 59.079, -59.249, 103.600, -36.953, 18.100, 24.32, 0.49277, 0.68188, -0.25049, -0.47888,
 13:48:08.115,ff:bd:0d:cb:d7:a7, 2085-113-81 00:118:35:23947, -0.99, 0.393, -0.079, 3.967, -0.549, -126.465, -169.601, 65.385, -57.524, 103.600, -36.953, 18.100, 24.32, 0.49277, 0.68188, -0.25049, -0.47888,
 13:48:08.129,f9:a2:89:42:44:2c, 2085-97-77 00:58:249:-1159, 0.016, -0.839, -0.566, 4.7, -5.615, 7.629, -31.745, -43.984, -64.402, -44.500, -2.013, 17.100, 24.36, 0.39371, -0.74887, 0.4639, -0.26245,
 13:48:08.144,ff:bd:0d:cb:d7:a7, 2085-113-81 00:118:35:23947, -0.987, 0.393, -0.079, 3.967, -0.549, -126.465, -169.601, 65.385, -57.524, 103.600, -36.953, 18.100, 24.32, 0.27704, 0.7308, 0.00439, -0.62372,
 13:48:08.175,ff:bd:0d:cb:d7:a7, 2085-97-26 248:110:02:-149, -0.987, 0.304, -0.073, 3.906, -0.305, -122.803, -166.481, 71.598, -54.399, 103.600, -36.953, 18.100, 24.32, 0.27704, 0.7308, 0.00439, -0.62372,
 13:48:08.175,ff:bd:0d:cb:d7:a7, 2085-97-19 248:160:01:-129, -0.991, 0.304, -0.073, 3.906, -0.305, -122.803, -166.481, 71.598, -54.399, 103.600, -36.953, 18.100, 24.32, 0.27704, 0.7308, 0.00439, -0.62372,
 13:48:08.190,f9:a2:89:42:44:2c, 2085-97-00 00:58:249:-1109, -0.02, -0.845, -0.554, 8.667, -9.888, 13.672, -31.025, -42.671, -64.369, -43.000, -1.393, 18.600, 24.36, 0.39371, -0.74887, 0.4639, -0.26245,
 13:48:08.205,ff:bd:0d:cb:d7:a7, 2085-97-19 248:160:01:-129, -1.002, 0.203, -0.063, 3.784, -0.732, -122.131, -161.109, 77.651, -49.005, 103.600, -36.953, 18.100, 24.32, 0.27704, 0.7308, 0.00439, -0.62372,
 13:48:08.295,ff:bd:0d:cb:d7:a7, 2085-97-251 247:185:00:-131, -1.002, 0.09, -0.064, 3.54, -0.854, -117.92, -148.156, 83.271, -36.046, 103.600, -36.953, 18.100, 24.32, 0.27704, 0.7308, 0.00439, -0.62372,
 13:48:08.295,ff:bd:0d:cb:d7:a7, 2085-97-246 247:225:255:-137, -1.005, 0.09, -0.064, 3.54, -0.854, -117.92, -148.156, 83.271, -36.046, 103.600, -36.953, 18.100, 24.32, 0.27704, 0.7308, 0.00439, -0.62372,
 13:48:08.310,f9:a2:89:42:44:2c, 2085-97-172 255:43:249:-1070, -0.06, -0.849, -0.53, 12.024, -13.428, 18.738, -29.927, -40.66, -64.27, -43.000, -1.393, 18.600, 24.36, 0.43149, -0.72873, 0.47406, -0.24072,
 13:48:08.324,ff:bd:0d:cb:d7:a7, 2085-97-246 247:225:255:-137, -1.015, -0.015, -0.067, 3.662, -0.671, -116.455, -100.607, 87.138, 11.492, 103.600, -36.953, 18.100, 24.32, 0.27704, 0.7308, 0.00439, -0.62372,
 13:48:08.324,ff:bd:0d:cb:d7:a7, 2085-113-58 00:168:57:-4040, -1.015, -0.132, -0.068, 3.54, -0.671, -116.028, -36.403, 84.825, 75.685, 103.600, -36.953, 18.100, 24.32, 0.27704, 0.7308, 0.00439, -0.62372,
 13:48:08.324,ff:bd:0d:cb:d7:a7, 2085-113-58 00:168:57:-4040, -1.015, -0.132, -0.068, 3.54, -0.671, -116.028, -36.403, 84.825, 75.685, 103.600, -36.953, 18.100, 24.32, 0.27704, 0.7308, 0.00439, -0.62372,
 13:48:08.370,f9:a2:89:42:44:2c, 2085-97-75 255:22:249:-1019, -0.103, -0.862, -0.515, 15.442, -17.029, 23.926, -28.477, -38.013, -64.089, -43.000, -1.393, 18.600, 24.36, 0.43149, -0.72873, 0.47406, -0.24072,
 13:48:08.385,ff:bd:0d:cb:d7:a7, 2085-113-58 00:168:57:-4040, -0.972, -0.132, -0.068, 3.54, -0.671, -116.028, -36.403, 84.825, 75.685, 98.400, -26.933, -14.600, 24.32, 0.27704, 0.7308, 0.00439, -0.62372,
 13:48:08.385,ff:bd:0d:cb:d7:a7, 2085-113-81 00:88:08:22800, -0.972, -0.221, -0.066, 3.54, -0.671, -116.028, -17.858, 79.568, 94.219, 98.400, -26.933, -14.600, 24.32, 0.27704, 0.7308, 0.00439, -0.62372,
 13:48:08.385,ff:bd:0d:cb:d7:a7, 2085-113-81 00:88:08:22800, -0.972, -0.221, -0.066, 3.54, -0.671, -116.028, -17.858, 79.568, 94.219, 98.400, -26.933, -14.600, 24.32, 0.27704, 0.7308, 0.00439, -0.62372,
 13:48:08.415,ff:bd:0d:cb:d7:a7, 2085-113-81 00:88:08:22800, -0.968, -0.221, -0.066, 3.54, -0.671, -116.028, -17.858, 79.568, 94.219, 98.400, -26.933, -14.600, 24.32, 0.06519, 0.6958, 0.22101, -0.68018,
 13:48:08.490,f9:a2:89:42:44:2c, 2085-97-217 254:03:249:-960, -0.177, -0.876, -0.492, 19.348, -21.118, 29.968, -26.68, -34.777, -63.765, -36.400, 1.100, 25.700, 24.36, 0.43149, -0.72873, 0.47406, -0.24072,
 13:48:08.504,ff:bd:0d:cb:d7:a7, 2085-97-66 248:78:253:-133, -0.968, -0.337, -0.065, 3.601, -0.732, -116.394, -11.195, 73.949, 100.876, 98.400, -26.933, -14.600, 24.32, 0.06519, 0.6958, 0.22101, -0.68018,
 13:48:08.504,ff:bd:0d:cb:d7:a7, 2085-97-161 248:160:252:-125, -0.921, -0.337, -0.065, 3.601, -0.732, -116.394, -11.195, 73.949, 100.876, 98.400, -26.933, -14.600, 24.32, 0.06519, 0.6958, 0.22101, -0.68018,
 13:48:08.535,ff:bd:0d:cb:d7:a7, 2085-97-161 248:160:252:-125, -0.886, -0.422, -0.061, 3.479, -0.671, -117.004, -7.8, 68.159, 104.266, 98.400, -26.933, -14.600, 24.32, 0.06519, 0.6958, 0.22101, -0.68018,
 13:48:08.566,ff:bd:0d:cb:d7:a7, 2085-97-234 248:212:251:-118, -0.886, -0.521, -0.058, 3.296, -0.366, -118.835, -5.757, 62.331, 106.309, 98.400, -26.933, -14.600, 24.32, 0.06519, 0.6958, 0.22101, -0.68018,
 13:48:08.566,ff:bd:0d:cb:d7:a7, 2085-97-188 249:94:251:-107, -0.783, -0.521, -0.058, 3.296, -0.366, -118.835, -5.757, 62.331, 106.309, 98.400, -26.933, -14.600, 24.32, 0.06519, 0.6958, 0.22101, -0.68018,
 13:48:08.579,f9:a2:89:42:44:2c, 2085-97-58 254:04:249:-845, -0.258, -0.877, -0.448, 23.254, -25.33, 35.828, -24.423, -30.828, -63.226, -36.400, 1.100, 25.700, 24.36, 0.51102, -0.67828, 0.49231, -0.19052,
 13:48:08.624,ff:bd:0d:cb:d7:a7, 2085-97-188 249:94:251:-107, -0.72, -0.579, -0.052, 3.418, -0.427, -117.065, -4.384, 56.398, 107.672, 98.400, -26.933, -14.600, 24.32, 0.06519, 0.6958, 0.22101, -0.68018,
 13:48:08.624,ff:bd:0d:cb:d7:a7, 2085-113-58 00:68:52:-2006, -0.72, -0.66, -0.046, 3.235, -0.366, -117.126, -3.4, 50.526, 108.655, 89.200, -13.373, -37.400, 24.32, 0.06519, 0.6958, 0.22101, -0.68018,
 13:48:08.685,ff:bd:0d:cb:d7:a7, 2085-113-58 00:68:52:-2006, -0.72, -0.66, -0.046, 3.235, -0.366, -117.126, -3.4, 50.526, 108.655, 89.200, -13.373, -37.400, 24.32, 0.06519, 0.6958, 0.22101, -0.68018,
 13:48:08.685,ff:bd:0d:cb:d7:a7, 2085-97-220 250:45:250:-099, -0.643, -0.66, -0.046, 3.235, -0.366, -117.126, -3.4, 50.526, 108.655, 89.200, -13.373, -37.400, 24.32, 0.06519, 0.6958, 0.22101, -0.68018,
 13:48:08.685,ff:bd:0d:cb:d7:a7, 2085-113-81 00:156:236:19482, -0.643, -0.728, -0.048, 3.723, -0.854, -115.112, -2.653, 44.676, 109.391, 89.200, -13.373, -37.400, 24.32, 0.06519, 0.6958, 0.22101, -0.68018,
 13:48:08.700,f9:a2:89:42:44:2c, 2085-97-144 253:22:249:-720, -0.351, -0.869, -0.385, 27.71, -29.968, 42.786, -21.621, -26.125, -62.353, -36.400, 1.100, 25.700, 24.36, 0.51102, -0.67828, 0.49231, -0.19052,
 13:48:08.744,ff:bd:0d:cb:d7:a7, 2085-113-81 00:156:236:19482, -0.564, -0.728, -0.048, 3.723, -0.854, -115.112, -2.653, 44.676, 109.391, 89.200, -13.373, -37.400, 24.32, 0.06519, 0.6958, 0.22101, -0.68018,
 13:48:08.774,ff:bd:0d:cb:d7:a7, 2085-97-125 251:181:249:-093, -0.564, -0.787, -0.045, 3.357, -0.549, -118.164, -2.065, 38.765, 109.984, 89.200, -13.373, -37.400, 24.32, 0.06519, 0.6958, 0.22101, -0.68018,
 13:48:08.774,ff:bd:0d:cb:d7:a7, 2085-97-40 252:64:249:-086, -0.48, -0.787, -0.045, 3.357, -0.549, -118.164, -2.065, 38.765, 109.984, 89.200, -13.373, -37.400, 24.32, 0.06519, 0.6958, 0.22101, -0.68018,
 13:48:08.790,f9:a2:89:42:44:2c, 2085-97-241 252:41:249:-611, -0.439, -0.855, -0.317, 31.189, -33.569, 48.218, -18.155, -20.704, -60.991, -24.300, 6.067, 32.100, 24.36, 0.51102, -0.67828, 0.49231, -0.19052,
 13:48:08.834,ff:bd:0d:cb:d7:a7, 2085-97-40 252:64:249:-086, -0.38, -0.844, -0.042, 3.54, -0.671, -118.713, -1.588, 32.789, 110.457, 89.200, -13.373, -37.400, 24.32, 0.06519, 0.6958, 0.22101, -0.68018,
 13:48:08.834,ff:bd:0d:cb:d7:a7, 2085-113-58 00:184:41:-1424, -0.38, -0.877, -0.042, 3.601, -0.61, -120.789, -1.198, 26.724, 110.858, 89.200, -13.373, -37.400, 24.32, 0.06519, 0.6958, 0.22101, -0.68018,
 13:48:08.834,ff:bd:0d:cb:d7:a7, 2085-113-58 00:184:41:-1424, -0.38, -0.877, -0.042, 3.601, -0.61, -120.789, -1.198, 26.724, 110.858, 89.200, -13.373, -37.400, 24.32, 0.06519, 0.6958, 0.22101, -0.68018,
 13:48:08.878,f9:a2:89:42:44:2c, 2085-113-81 00:146:78:-19423, -0.48, -0.833, -0.24, 34.729, -37.231, 53.528, -13.947, -14.771, -58.969, -24.300, 6.067, 32.100, 24.36, 0.61383, -0.59274, 0.50848, -0.11493,
 13:48:08.895,ff:bd:0d:cb:d7:a7, 2085-113-58 00:184:41:-1424, -0.299, -0.877, -0.042, 3.601, -0.61, -120.789, -1.198, 26.724, 110.858, 71.200, -9.493, -52.800, 24.32, 0.06519, 0.6958, 0.22101, -0.68018,
 13:48:08.895,ff:bd:0d:cb:d7:a7, 2085-113-81 00:21:218:16020, -0.299, -0.917, -0.042, 4.15, -0.732, -123.047, -0.862, 20.572, 111.193, 71.200, -9.493, -52.800, 24.32, 0.06519, 0.6958, 0.22101, -0.68018,
 13:48:08.895,ff:bd:0d:cb:d7:a7, 2085-113-81 00:21:218:16020, -0.299, -0.917, -0.042, 4.15, -0.732, -123.047, -0.862, 20.572, 111.193, 71.200, -9.493, -52.800, 24.32, 0.06519, 0.6958, 0.22101, -0.68018,
 13:48:08.939,f9:a2:89:42:44:2c, 2085-97-174 251:174:249:-305, -0.584, -0.819, -0.207, 35.706, -38.269, 55.054, -11.519, -11.678, -57.645, -24.300, 6.067, 32.100, 24.36, 0.61383, -0.59274, 0.50848, -0.11493,
 13:48:08.954,ff:bd:0d:cb:d7:a7, 2085-113-81 00:21:218:16020, -0.181, -0.917, -0.042, 4.15, -0.732, -123.047, -0.862, 20.572, 111.193, 71.200, -9.493, -52.800, 24.32, -0.29623, 0.48889, 0.52826, -0.62772,
 13:48:08.984,ff:bd:0d:cb:d7:a7, 2085-97-142 254:124:248:-061, -0.181, -0.939, -0.03, 3.906, -0.977, -125.732, -0.555, 14.271, 111.517, 71.200, -9.493, -52.800, 24.32, -0.29623, 0.48889, 0.52826, -0.62772,
 13:48:08.984,ff:bd:0d:cb:d7:a7, 2085-97-107 255:103:248:-044, -0.073, -0.939, -0.03, 3.906, -0.977, -125.732, -0.555, 14.271, 111.517, 71.200, -9.493, -52.800, 24.32, -0.29623, 0.48889, 0.52826, -0.62772,
 13:48:08.999,f9:a2:89:42:44:2c, 2085-97-210 250:48:250:-070, -0.7, -0.766, -0.108, 35.461, -37.781, 54.26, -6.048, -5.587, -54.311, -24.300, 6.067, 32.100, 24.36, 0.61383, -0.59274, 0.50848, -0.11493,
 13:48:09.014,ff:bd:0d:cb:d7:a7, 2085-97-107 255:103:248:-044, 0.046, -0.95, -0.021, 3.54, -0.977, -127.197, -0.286, 7.894, 111.786, 71.200, -9.493, -52.800, 24.32, -0.29623, 0.48889, 0.52826, -0.62772,
 13:48:09.060,f9:a2:89:42:44:2c, 2085-113-58 00:231:250:251, -0.73, -0.696, 0.027, 28.015, -30.151, 43.518, -0.291, -0.363, -50.378, -8.700, 1.673, 36.000, 24.36, 0.61383, -0.59274, 0.50848, -0.11493,
 13:48:09.103,ff:bd:0d:cb:d7:a7, 2085-97-94 00:134:248:-052, 0.046, -0.935, -0.025, 3.906, -0.793, -126.831, -0.055, 1.5, 112.044, 71.200, -9.493, -52.800, 24.32, -0.29623, 0.48889, 0.52826, -0.62772,
 13:48:09.103,ff:bd:0d:cb:d7:a7, 2085-97-91 01:196:248:-043, 0.169, -0.935, -0.025, 3.906, -0.793, -126.831, -0.055, 1.5, 112.044, 71.200, -9.493, -52.800, 24.32, -0.29623, 0.48889, 0.52826, -0.62772,
 13:48:09.134,ff:bd:0d:cb:d7:a7, 2085-97-91 01:196:248:-043, 0.271, -0.904, -0.021, 3.906, -0.793, -129.578, 0.159, -5.037, 112.269, 71.200, -9.493, -52.800, 24.32, -0.29623, 0.48889, 0.52826, -0.62772,
 13:48:09.134,ff:bd:0d:cb:d7:a7, 2085-113-58 00:246:24:-836, 0.271, -0.888, -0.013, 3.967, -0.732, -127.502, 0.357, -11.53, 112.484, 71.200, -9.493, -52.800, 24.32, -0.29623, 0.48889, 0.52826, -0.62772,
 13:48:09.134,ff:bd:0d:cb:d7:a7, 2085-113-58 00:246:24:-836, 0.271, -0.888, -0.013, 3.967, -0.732, -127.502, 0.357, -11.53, 112.484, 71.200, -9.493, -52.800, 24.32, -0.29623, 0.48889, 0.52826, -0.62772,
 13:48:09.195,ff:bd:0d:cb:d7:a7, 2085-113-58 00:246:24:-836, 0.385, -0.888, -0.013, 3.967, -0.732, -127.502, 0.357, -11.53, 112.484, 42.600, -5.573, -60.400, 24.32, -0.29623, 0.48889, 0.52826, -0.62772,
 13:48:09.195,ff:bd:0d:cb:d7:a7, 2085-113-81 00:63:193:9221, 0.385, -0.849, -0.01, 3.784, -0.793, -124.817, 0.527, -17.93, 112.67, 42.600, -5.573, -60.400, 24.32, -0.29623, 0.48889, 0.52826, -0.62772,
 13:48:09.195,ff:bd:0d:cb:d7:a7, 2085-113-81 00:63:193:9221, 0.385, -0.849, -0.01, 3.784, -0.793, -124.817, 0.527, -17.93, 112.67, 42.600, -5.573, -60.400, 24.32, -0.29623, 0.48889, 0.52826, -0.62772,
 13:48:09.209,f9:a2:89:42:44:2c, 2085-113-81 00:58:91:-15682, -0.768, -0.678, 0.053, 22.766, -24.841, 35.706, 2.28, 1.631, -48.51, -8.700, 1.673, 36.000, 24.36, 0.71271, -0.47858, 0.51208, -0.0253,
 13:48:09.225,ff:bd:0d:cb:d7:a7, 2085-113-81 00:63:193:9221, 0.448, -0.849, -0.01, 3.784, -0.793, -124.817, 0.527, -17.93, 112.67, 42.600, -5.573, -60.400, 24.32, -0.49026, 0.2814, 0.6539, -0.50275,
 13:48:09.255,ff:bd:0d:cb:d7:a7, 2085-97-149 03:119:249:-012, 0.448, -0.817, -0.006, 3.906, -0.916, -125.916, 0.687, -24.181, 112.863, 42.600, -5.573, -60.400, 24.32, -0.49026, 0.2814, 0.6539, -0.50275,
 13:48:09.270,f9:a2:89:42:44:2c, 2085-97-204 249:215:250:210, -0.779, -0.652, 0.093, 16.846, -18.372, 26.367, 4.46, 3.181, -46.873, -8.700, 1.673, 36.000, 24.36, 0.71271, -0.47858, 0.51208, -0.0253,
 13:48:09.316,ff:bd:0d:cb:d7:a7, 2085-113-100 00:139:01:000, 0.579, -0.817, -0.006, 3.906, -0.916, -125.916, 0.687, -24.181, 112.863, 42.600, -5.573, -60.400, 24.32, -0.49026, 0.2814, 0.6539, -0.50275,
 13:48:09.316,ff:bd:0d:cb:d7:a7, 2085-113-64 00:132:09:000, 0.579, -0.734, -0.008, 3.784, -0.671, -122.498, 0.835, -30.449, 113.038, 42.600, -5.573, -60.400, 24.32, -0.49026, 0.2814, 0.6539, -0.50275,
 13:48:09.316,ff:bd:0d:cb:d7:a7, 2085-113-64 00:132:09:000, 0.579, -0.734, -0.008, 3.784, -0.671, -122.498, 0.835, -30.449, 113.038, 42.600, -5.573, -60.400, 24.32, -0.49026, 0.2814, 0.6539, -0.50275,
 13:48:09.343,ff:bd:0d:cb:d7:a7, 2085-113-64 00:132:09:000, 0.679, -0.734, -0.008, 3.784, -0.671, -122.498, 0.835, -30.449, 113.038, 42.600, -5.573, -60.400, 24.36, -0.49026, 0.2814, 0.6539, -0.50275,
 13:48:09.360,f9:a2:89:42:44:2c, 2085-97-207 249:220:250:218, -0.769, -0.64, 0.112, 4.15, -4.944, 6.958, 6.866, 4.741, -45.011, -4.800, 6.887, 35.100, 24.36, 0.71271, -0.47858, 0.51208, -0.0253,
 13:48:09.374,ff:bd:0d:cb:d7:a7, 2085-97-111 05:190:250:-008, 0.679, -0.657, -0.004, 3.662, -0.732, -119.08, 0.967, -36.568, 113.214, 42.600, -5.573, -60.400, 24.36, -0.49026, 0.2814, 0.6539, -0.50275,
 13:48:09.374,ff:bd:0d:cb:d7:a7, 2085-97-208 05:50:251:-004, 0.727, -0.657, -0.004, 3.662, -0.732, -119.08, 0.967, -36.568, 113.214, 42.600, -5.573, -60.400, 24.36, -0.49026, 0.2814, 0.6539, -0.50275,
 13:48:09.389,f9:a2:89:42:44:2c, 2085-113-81 00:217:92:-15103, -0.758, -0.644, 0.094, -6.104, 6.042, -8.972, 6.63, 4.609, -45.159, -4.800, 6.887, 35.100, 24.36, 0.72537, -0.46091, 0.51105, -0.01132,
 13:48:09.434,ff:bd:0d:cb:d7:a7, 2085-97-208 05:50:251:-004, 0.787, -0.601, -0.002, 3.601, -0.854, -115.54, 1.088, -42.506, 113.373, 42.600, -5.573, -60.400, 24.36, -0.49026, 0.2814, 0.6539, -0.50275,
 13:48:09.494,ff:bd:0d:cb:d7:a7, 2085-97-76 06:215:251:-003, 0.787, -0.52, -0.001, 3.723, -0.732, -116.272, 1.208, -48.411, 113.538, 42.600, -5.573, -60.400, 24.36, -0.49026, 0.2814, 0.6539, -0.50275,
 13:48:09.494,ff:bd:0d:cb:d7:a7, 2085-97-145 06:110:252:-002, 0.821, -0.52, -0.001, 3.723, -0.732, -116.272, 1.208, -48.411, 113.538, 42.600, -5.573, -60.400, 24.36, -0.49026, 0.2814, 0.6539, -0.50275,
 13:48:09.510,f9:a2:89:42:44:2c, 2085-97-252 249:175:250:156, -0.734, -0.655, 0.084, -10.498, 10.376, -15.381, 5.696, 4.021, -45.851, -4.800, 6.887, 35.100, 24.36, 0.72537, -0.46091, 0.51105, -0.01132,
 13:48:09.553,ff:bd:0d:cb:d7:a7, 2085-97-145 06:110:252:-002, 0.866, -0.446, -0.001, 3.662, -0.61, -119.324, 1.324, -54.393, 113.687, 42.600, -5.573, -60.400, 24.36, -0.49026, 0.2814, 0.6539, -0.50275,
 13:48:09.553,ff:bd:0d:cb:d7:a7, 2085-113-58 00:200:10:-1089, 0.866, -0.354, 0.002, 3.662, -0.854, -121.033, 1.434, -60.48, 113.868, 42.600, -5.573, -60.400, 24.36, -0.49026, 0.2814, 0.6539, -0.50275,
 13:48:09.584,ff:bd:0d:cb:d7:a7, 2085-113-58 00:200:10:-1089, 0.866, -0.354, 0.002, 3.662, -0.854, -121.033, 1.434, -60.48, 113.868, 18.400, -7.260, -43.300, 24.36, -0.49026, 0.2814, 0.6539, -0.50275,
 13:48:09.584,ff:bd:0d:cb:d7:a7, 2085-97-36 07:237:253:004, 0.893, -0.354, 0.002, 3.662, -0.854, -121.033, 1.434, -60.48, 113.868, 18.400, -7.260, -43.300, 24.36, -0.49026, 0.2814, 0.6539, -0.50275,
 13:48:09.614,ff:bd:0d:cb:d7:a7, 2085-97-36 07:237:253:004, 0.93, -0.259, 0.002, 3.601, -0.854, -122.498, 1.544, -66.588, 114.022, 18.400, -7.260, -43.300, 24.36, -0.49026, 0.2814, 0.6539, -0.50275,
 13:48:09.614,ff:bd:0d:cb:d7:a7, 2085-113-81 00:181:171:-1167, 0.93, -0.14, -0.005, 3.479, -0.61, -122.131, 1.648, -72.74, 114.197, 18.400, -7.260, -43.300, 24.36, -0.49026, 0.2814, 0.6539, -0.50275,
 13:48:09.629,f9:a2:89:42:44:2c, 2085-97-75 250:113:250:059, -0.681, -0.679, 0.054, -17.334, 17.456, -25.757, 2.796, 2.038, -47.972, -4.800, 6.887, 35.100, 24.36, 0.72537, -0.46091, 0.51105, -0.01132,
 13:48:09.660,f9:a2:89:42:44:2c, 2085-113-58 00:98:248:523, -0.65, -0.72, -0.011, -22.888, 23.132, -33.936, -1.099, -0.989, -50.724, -13.000, 3.487, 35.500, 24.36, 0.72537, -0.46091, 0.51105, -0.01132,
 13:48:09.703,ff:bd:0d:cb:d7:a7, 2085-113-81 00:181:171:-1167, 0.93, -0.14, -0.005, 3.479, -0.61, -122.131, 1.648, -72.74, 114.197, 18.400, -7.260, -43.300, 24.36, -0.65854, -0.03561, 0.70578, -0.25845,
 13:48:09.703,ff:bd:0d:cb:d7:a7, 2085-97-166 07:202:255:-020, 0.956, -0.14, -0.005, 3.479, -0.61, -122.131, 1.648, -72.74, 114.197, 18.400, -7.260, -43.300, 24.36, -0.65854, -0.03561, 0.70578, -0.25845,
 13:48:09.735,ff:bd:0d:cb:d7:a7, 2085-97-166 07:202:255:-020, 0.958, -0.026, -0.01, 3.662, -0.732, -123.535, 1.774, -78.942, 114.335, 18.400, -7.260, -43.300, 24.36, -0.65854, -0.03561, 0.70578, -0.25845,
 13:48:09.779,f9:a2:89:42:44:2c, 2085-97-16 251:232:249:-174, -0.581, -0.741, -0.042, -24.963, 25.513, -37.231, -3.224, -2.84, -52.163, -13.000, 3.487, 35.500, 24.36, 0.65799, -0.54816, 0.51065, -0.07568,
 13:48:09.795,ff:bd:0d:cb:d7:a7, 2085-97-169 07:168:00:-008, 0.958, 0.082, -0.004, 3.967, -0.732, -123.657, 1.972, -85.166, 114.439, 18.400, -7.260, -43.300, 24.36, -0.65854, -0.03561, 0.70578, -0.25845,
 13:48:09.795,ff:bd:0d:cb:d7:a7, 2085-97-154 07:153:01:000, 0.95, 0.082, -0.004, 3.967, -0.732, -123.657, 1.972, -85.166, 114.439, 18.400, -7.260, -43.300, 24.36, -0.65854, -0.03561, 0.70578, -0.25845,
 13:48:09.824,ff:bd:0d:cb:d7:a7, 2085-97-154 07:153:01:000, 0.914, 0.2, 0, 4.028, -0.732, -126.099, -178.231, -86.094, -65.083, 18.400, -7.260, -43.300, 24.36, -0.65854, -0.03561, 0.70578, -0.25845,
 13:48:09.824,ff:bd:0d:cb:d7:a7, 2085-113-58 00:83:07:-1910, 0.914, 0.29, 0, 3.906, -0.854, -127.014, -178.011, -79.717, -64.979, 12.500, -12.733, -16.200, 24.36, -0.65854, -0.03561, 0.70578, -0.25845,
 13:48:09.899,f9:a2:89:42:44:2c, 2085-97-129 251:181:249:-274, -0.513, -0.78, -0.119, -27.893, 28.503, -41.809, -7.57, -7.114, -54.959, -13.000, 3.487, 35.500, 24.36, 0.65799, -0.54816, 0.51065, -0.07568,
 13:48:09.916,ff:bd:0d:cb:d7:a7, 2085-113-58 00:83:07:-1910, 0.914, 0.29, 0, 3.906, -0.854, -127.014, -178.011, -79.717, -64.979, 12.500, -12.733, -16.200, 24.36, -0.65854, -0.03561, 0.70578, -0.25845,
 13:48:09.916,ff:bd:0d:cb:d7:a7, 2085-97-67 07:72:03:-005, 0.908, 0.29, 0, 3.906, -0.854, -127.014, -178.011, -79.717, -64.979, 12.500, -12.733, -16.200, 24.36, -0.65854, -0.03561, 0.70578, -0.25845,
 13:48:09.916,ff:bd:0d:cb:d7:a7, 2085-113-81 00:04:166:-8205, 0.908, 0.41, -0.002, 3.723, -0.854, -126.343, -177.874, -73.279, -64.814, 12.500, -12.733, -16.200, 24.36, -0.65854, -0.03561, 0.70578, -0.25845,
 13:48:09.944,ff:bd:0d:cb:d7:a7, 2085-113-81 00:04:166:-8205, 0.851, 0.41, -0.002, 3.723, -0.854, -126.343, -177.874, -73.279, -64.814, 12.500, -12.733, -16.200, 24.36, -0.65854, -0.03561, 0.70578, -0.25845,
 13:48:09.959,f9:a2:89:42:44:2c, 2085-97-62 252:99:249:-447, -0.409, -0.808, -0.183, -30.762, 31.311, -46.021, -11.849, -12.025, -57.458, -13.000, 3.487, 35.500, 24.36, 0.65799, -0.54816, 0.51065, -0.07568,
 13:48:09.974,ff:bd:0d:cb:d7:a7, 2085-97-206 06:18:04:-016, 0.851, 0.509, -0.008, 3.723, -0.916, -126.77, -177.77, -66.94, -64.561, 12.500, -12.733, -16.200, 24.36, -0.65854, -0.03561, 0.70578, -0.25845,
 13:48:09.974,ff:bd:0d:cb:d7:a7, 2085-97-123 06:242:04:-029, 0.81, 0.509, -0.008, 3.723, -0.916, -126.77, -177.77, -66.94, -64.561, 12.500, -12.733, -16.200, 24.36, -0.65854, -0.03561, 0.70578, -0.25845,
 13:48:10.020,f9:a2:89:42:44:2c, 2085-113-58 00:17:239:-314, -0.362, -0.853, -0.278, -30.029, 30.945, -45.349, -15.859, -17.309, -59.518, -28.900, -2.093, 30.100, 24.36, 0.65799, -0.54816, 0.51065, -0.07568,
 13:48:10.034,ff:bd:0d:cb:d7:a7, 2085-97-123 06:242:04:-029, 0.748, 0.618, -0.014, 3.906, -0.732, -124.39, -177.654, -60.584, -64.347, 12.500, -12.733, -16.200, 24.36, -0.65854, -0.03561, 0.70578, -0.25845,
 13:48:10.034,ff:bd:0d:cb:d7:a7, 2085-113-58 00:32:13:-2574, 0.748, 0.711, -0.018, 3.967, -0.61, -122.498, -177.528, -54.305, -64.188, 12.500, -12.733, -16.200, 24.36, -0.65854, -0.03561, 0.70578, -0.25845,
 13:48:10.034,ff:bd:0d:cb:d7:a7, 2085-113-58 00:32:13:-2574, 0.748, 0.711, -0.018, 3.967, -0.61, -122.498, -177.528, -54.305, -64.188, 12.500, -12.733, -16.200, 24.36, -0.65854, -0.03561, 0.70578, -0.25845,
 13:48:10.095,ff:bd:0d:cb:d7:a7, 2085-113-58 00:32:13:-2574, 0.629, 0.711, -0.018, 3.967, -0.61, -122.498, -177.528, -54.305, -64.188, 22.400, -17.160, 8.500, 24.36, -0.65854, -0.03561, 0.70578, -0.25845,
 13:48:10.095,ff:bd:0d:cb:d7:a7, 2085-113-81 00:237:166:-13188, 0.629, 0.747, -0.015, 3.845, -0.793, -124.329, -177.396, -48.087, -64.083, 22.400, -17.160, 8.500, 24.36, -0.65854, -0.03561, 0.70578, -0.25845,
 13:48:10.095,ff:bd:0d:cb:d7:a7, 2085-113-81 00:237:166:-13188, 0.629, 0.747, -0.015, 3.845, -0.793, -124.329, -177.396, -48.087, -64.083, 22.400, -17.160, 8.500, 24.36, -0.65854, -0.03561, 0.70578, -0.25845,
 13:48:10.109,f9:a2:89:42:44:2c, 2085-97-91 253:32:249:-686, -0.291, -0.86, -0.312, -30.029, 30.945, -45.166, -17.715, -19.979, -60.364, -28.900, -2.093, 30.100, 24.36, 0.54593, -0.65454, 0.4964, -0.16437,
 13:48:10.154,ff:bd:0d:cb:d7:a7, 2085-113-81 00:237:166:-13188, 0.57, 0.747, -0.015, 3.845, -0.793, -124.329, -177.396, -48.087, -64.083, 22.400, -17.160, 8.500, 24.36, -0.69589, -0.40247, 0.58743, 0.0925,
 13:48:10.184,ff:bd:0d:cb:d7:a7, 2085-97-144 04:186:06:-034, 0.57, 0.841, -0.017, 3.906, -0.916, -127.686, -177.264, -41.666, -63.968, 22.400, -17.160, 8.500, 24.36, -0.69589, -0.40247, 0.58743, 0.0925,
 13:48:10.184,ff:bd:0d:cb:d7:a7, 2085-97-201 03:58:07:-049, 0.473, 0.841, -0.017, 3.906, -0.916, -127.686, -177.264, -41.666, -63.968, 22.400, -17.160, 8.500, 24.36, -0.69589, -0.40247, 0.58743, 0.0925,
 13:48:10.199,f9:a2:89:42:44:2c, 2085-97-226 253:34:249:-770, -0.197, -0.861, -0.366, -28.564, 29.175, -42.725, -21.094, -25.192, -61.705, -28.900, -2.093, 30.100, 24.36, 0.54593, -0.65454, 0.4964, -0.16437,
 13:48:10.243,ff:bd:0d:cb:d7:a7, 2085-97-201 03:58:07:-049, 0.398, 0.903, -0.024, 3.906, -1.038, -128.296, -177.122, -35.211, -63.853, 22.400, -17.160, 8.500, 24.36, -0.69589, -0.40247, 0.58743, 0.0925,
 13:48:10.289,f9:a2:89:42:44:2c, 2085-97-202 254:253:248:-952, -0.116, -0.875, -0.432, -26.917, 27.466, -40.405, -24.093, -30.179, -62.655, -39.400, -0.527, 21.900, 24.36, 0.54593, -0.65454, 0.4964, -0.16437,
 13:48:10.304,ff:bd:0d:cb:d7:a7, 2085-97-48 03:200:07:-061, 0.398, 0.973, -0.03, 3.784, -0.854, -126.404, -176.979, -28.773, -63.715, 22.400, -17.160, 8.500, 24.36, -0.69589, -0.40247, 0.58743, 0.0925,
 13:48:10.304,ff:bd:0d:cb:d7:a7, 2085-97-63 02:21:08:-074, 0.281, 0.973, -0.03, 3.784, -0.854, -126.404, -176.979, -28.773, -63.715, 22.400, -17.160, 8.500, 24.36, -0.69589, -0.40247, 0.58743, 0.0925,
 13:48:10.304,ff:bd:0d:cb:d7:a7, 2085-113-58 00:79:26:-3812, 0.281, 1.01, -0.036, 3.906, -0.732, -127.197, -176.825, -22.335, -63.578, 22.400, -17.160, 8.500, 24.36, -0.69589, -0.40247, 0.58743, 0.0925,
 13:48:10.349,f9:a2:89:42:44:2c, 2085-113-81 00:118:58:-23481, -0.082, -0.872, -0.484, -22.888, 23.315, -34.18, -26.68, -34.706, -63.276, -39.400, -0.527, 21.900, 24.36, 0.45673, -0.71658, 0.4772, -0.22375,
 13:48:10.365,ff:bd:0d:cb:d7:a7, 2085-113-58 00:79:26:-3812, 0.175, 1.01, -0.036, 3.906, -0.732, -127.197, -176.825, -22.335, -63.578, 44.900, -25.413, 33.200, 24.36, -0.69589, -0.40247, 0.58743, 0.0925,
 13:48:10.365,ff:bd:0d:cb:d7:a7, 2085-113-81 00:04:175:-18456, 0.175, 1.031, -0.035, 3.845, -0.732, -124.756, -176.666, -15.98, -63.424, 44.900, -25.413, 33.200, 24.36, -0.69589, -0.40247, 0.58743, 0.0925,
 13:48:10.365,ff:bd:0d:cb:d7:a7, 2085-113-81 00:04:175:-18456, 0.175, 1.031, -0.035, 3.845, -0.732, -124.756, -176.666, -15.98, -63.424, 44.900, -25.413, 33.200, 24.36, -0.69589, -0.40247, 0.58743, 0.0925,
 13:48:10.394,ff:bd:0d:cb:d7:a7, 2085-113-81 00:04:175:-18456, 0.078, 1.031, -0.035, 3.845, -0.732, -124.756, -176.666, -15.98, -63.424, 44.900, -25.413, 33.200, 24.36, -0.63269, -0.56323, 0.44693, 0.28741,
 13:48:10.453,ff:bd:0d:cb:d7:a7, 2085-97-159 00:107:08:-086, 0.078, 1.052, -0.042, 3.662, -0.732, -121.643, -176.495, -9.712, -63.265, 44.900, -25.413, 33.200, 24.36, -0.63269, -0.56323, 0.44693, 0.28741,
 13:48:10.453,ff:bd:0d:cb:d7:a7, 2085-97-104 255:64:08:-098, -0.074, 1.052, -0.042, 3.662, -0.732, -121.643, -176.495, -9.712, -63.265, 44.900, -25.413, 33.200, 24.36, -0.63269, -0.56323, 0.44693, 0.28741,
 13:48:10.470,f9:a2:89:42:44:2c, 2085-97-145 255:27:249:-1057, -0.026, -0.867, -0.505, -20.996, 21.362, -31.311, -27.795, -36.705, -63.479, -39.400, -0.527, 21.900, 24.36, 0.45673, -0.71658, 0.4772, -0.22375,
 13:48:10.514,ff:bd:0d:cb:d7:a7, 2085-97-104 255:64:08:-098, -0.147, 1.031, -0.048, 3.845, -0.793, -124.329, -176.309, -3.554, -63.089, 44.900, -25.413, 33.200, 24.36, -0.63269, -0.56323, 0.44693, 0.28741,
 13:48:10.544,ff:bd:0d:cb:d7:a7, 2085-97-211 254:87:08:-099, -0.147, 1.042, -0.048, 3.845, -1.038, -122.742, -176.1, 2.686, -62.902, 44.900, -25.413, 33.200, 24.36, -0.63269, -0.56323, 0.44693, 0.28741,
 13:48:10.544,ff:bd:0d:cb:d7:a7, 2085-97-07 254:65:08:-104, -0.247, 1.042, -0.048, 3.845, -1.038, -122.742, -176.1, 2.686, -62.902, 44.900, -25.413, 33.200, 24.36, -0.63269, -0.56323, 0.44693, 0.28741,
 13:48:10.559,f9:a2:89:42:44:2c, 2085-97-242 255:51:249:-1115, 0.015, -0.859, -0.534, -15.686, 15.686, -23.254, -29.608, -40.007, -63.737, -43.700, -2.347, 16.200, 24.36, 0.45673, -0.71658, 0.4772, -0.22375,
 13:48:10.605,ff:bd:0d:cb:d7:a7, 2085-97-07 254:65:08:-104, -0.359, 1.032, -0.051, 3.784, -0.793, -123.169, -175.869, 8.91, -62.682, 44.900, -25.413, 33.200, 24.36, -0.63269, -0.56323, 0.44693, 0.28741,
 13:48:10.605,ff:bd:0d:cb:d7:a7, 2085-113-58 00:180:45:-4853, -0.359, 0.997, -0.055, 3.845, -0.61, -123.718, -175.605, 15.183, -62.43, 78.000, -32.353, 40.100, 24.36, -0.63269, -0.56323, 0.44693, 0.28741,
 13:48:10.634,ff:bd:0d:cb:d7:a7, 2085-113-58 00:180:45:-4853, -0.359, 0.997, -0.055, 3.845, -0.61, -123.718, -175.605, 15.183, -62.43, 78.000, -32.353, 40.100, 24.36, -0.63269, -0.56323, 0.44693, 0.28741,
 13:48:10.634,ff:bd:0d:cb:d7:a7, 2085-97-80 252:167:07:-118, -0.461, 0.997, -0.055, 3.845, -0.61, -123.718, -175.605, 15.183, -62.43, 78.000, -32.353, 40.100, 24.36, -0.63269, -0.56323, 0.44693, 0.28741,
 13:48:10.679,f9:a2:89:42:44:2c, 2085-97-62 00:57:249:-1159, 0.036, -0.853, -0.557, -10.864, 10.681, -16.113, -30.91, -42.407, -63.869, -43.700, -2.347, 16.200, 24.36, 0.39929, -0.74854, 0.4621, -0.25812,
 13:48:10.724,ff:bd:0d:cb:d7:a7, 2085-97-80 252:167:07:-118, -0.588, 0.957, -0.058, 3.906, -0.732, -126.953, -175.292, 21.594, -62.133, 78.000, -32.353, 40.100, 24.36, -0.63269, -0.56323, 0.44693, 0.28741,
 13:48:10.754,ff:bd:0d:cb:d7:a7, 2085-97-76 251:19:07:-129, -0.588, 0.884, -0.063, 3.906, -0.793, -127.319, -174.93, 28.004, -61.782, 78.000, -32.353, 40.100, 24.36, -0.63269, -0.56323, 0.44693, 0.28741,
 13:48:10.754,ff:bd:0d:cb:d7:a7, 2085-97-219 250:187:06:-131, -0.643, 0.884, -0.063, 3.906, -0.793, -127.319, -174.93, 28.004, -61.782, 78.000, -32.353, 40.100, 24.36, -0.63269, -0.56323, 0.44693, 0.28741,
 13:48:10.769,f9:a2:89:42:44:2c, 2085-97-95 00:76:249:-1164, 0.051, -0.837, -0.561, -6.226, 5.92, -8.972, -31.723, -43.907, -63.918, -43.700, -2.347, 16.200, 24.36, 0.39929, -0.74854, 0.4621, -0.25812,
 13:48:10.785,ff:bd:0d:cb:d7:a7, 2085-97-219 250:187:06:-131, -0.737, 0.841, -0.064, 3.906, -0.977, -125.061, -174.49, 34.376, -61.364, 78.000, -32.353, 40.100, 24.36, -0.63269, -0.56323, 0.44693, 0.28741,
 13:48:10.843,ff:bd:0d:cb:d7:a7, 2085-97-26 250:24:06:-137, -0.737, 0.762, -0.067, 3.906, -0.793, -125.732, -173.969, 40.677, -60.859, 78.000, -32.353, 40.100, 24.36, -0.63269, -0.56323, 0.44693, 0.28741,
 13:48:10.843,ff:bd:0d:cb:d7:a7, 2085-113-58 00:212:58:-5504, -0.8, 0.762, -0.067, 3.906, -0.793, -125.732, -173.969, 40.677, -60.859, 78.000, -32.353, 40.100, 24.36, -0.63269, -0.56323, 0.44693, 0.28741,
 13:48:10.843,ff:bd:0d:cb:d7:a7, 2085-113-58 00:212:58:-5504, -0.8, 0.681, -0.067, 3.723, -0.793, -122.681, -173.315, 46.906, -60.211, 78.000, -32.353, 40.100, 24.36, -0.63269, -0.56323, 0.44693, 0.28741,
 13:48:10.889,f9:a2:89:42:44:2c, 2085-97-98 00:80:249:-1167, 0.044, -0.84, -0.57, -1.526, 0.793, -1.709, -32.064, -44.539, -63.94, -44.900, -1.040, 17.300, 24.36, 0.39929, -0.74854, 0.4621, -0.25812,
 13:48:10.904,ff:bd:0d:cb:d7:a7, 2085-113-58 00:212:58:-5504, -0.8, 0.681, -0.067, 3.723, -0.793, -122.681, -173.315, 46.906, -60.211, 100.400, -36.693, 26.200, 24.36, -0.63269, -0.56323, 0.44693, 0.28741,
 13:48:10.904,ff:bd:0d:cb:d7:a7, 2085-97-35 249:200:04:-144, -0.858, 0.681, -0.067, 3.723, -0.793, -122.681, -173.315, 46.906, -60.211, 100.400, -36.693, 26.200, 24.36, -0.63269, -0.56323, 0.44693, 0.28741,
 13:48:10.904,ff:bd:0d:cb:d7:a7, 2085-113-81 00:35:211:-23830, -0.858, 0.598, -0.07, 4.028, -0.671, -122.803, -172.447, 53.13, -59.37, 100.400, -36.693, 26.200, 24.36, -0.63269, -0.56323, 0.44693, 0.28741,
 13:48:10.948,f9:a2:89:42:44:2c, 2085-97-81 00:74:249:-1153, 0.029, -0.837, -0.565, 2.747, -3.662, 4.761, -31.943, -44.335, -63.94, -44.900, -1.040, 17.300, 24.36, 0.3981, -0.74905, 0.46179, -0.25894,
 13:48:10.963,ff:bd:0d:cb:d7:a7, 2085-113-81 00:35:211:-23830, -0.921, 0.598, -0.07, 4.028, -0.671, -122.803, -172.447, 53.13, -59.37, 100.400, -36.693, 26.200, 24.36, -0.35049, -0.72723, 0.06555, 0.5864,
 13:48:10.994,ff:bd:0d:cb:d7:a7, 2085-97-162 248:244:03:-137, -0.921, 0.494, -0.067, 3.723, -0.793, -121.155, -171.26, 59.255, -58.2, 100.400, -36.693, 26.200, 24.36, -0.35049, -0.72723, 0.06555, 0.5864,
 13:48:10.994,ff:bd:0d:cb:d7:a7, 2085-97-71 248:46:03:-155, -0.965, 0.494, -0.067, 3.723, -0.793, -121.155, -171.26, 59.255, -58.2, 100.400, -36.693, 26.200, 24.36, -0.35049, -0.72723, 0.06555, 0.5864,
 13:48:11.025,ff:bd:0d:cb:d7:a7, 2085-97-71 248:46:03:-155, -1.003, 0.397, -0.076, 3.662, -1.038, -121.826, -169.547, 65.418, -56.503, 100.400, -36.693, 26.200, 24.36, -0.35049, -0.72723, 0.06555, 0.5864,
 13:48:11.069,f9:a2:89:42:44:2c, 2085-97-51 00:54:249:-1145, 0, -0.841, -0.559, 6.714, -7.69, 10.559, -31.421, -43.38, -63.918, -44.900, -1.040, 17.300, 24.36, 0.3981, -0.74905, 0.46179, -0.25894,
 13:48:11.114,ff:bd:0d:cb:d7:a7, 2085-97-250 247:83:02:-157, -1.003, 0.291, -0.077, 3.54, -0.854, -119.019, -166.569, 71.422, -53.481, 100.400, -36.693, 26.200, 24.36, -0.35049, -0.72723, 0.06555, 0.5864,
 13:48:11.114,ff:bd:0d:cb:d7:a7, 2085-97-236 247:142:01:-154, -1.01, 0.291, -0.077, 3.54, -0.854, -119.019, -166.569, 71.422, -53.481, 100.400, -36.693, 26.200, 24.36, -0.35049, -0.72723, 0.06555, 0.5864,
 13:48:11.114,ff:bd:0d:cb:d7:a7, 2085-113-58 00:60:60:-5261, -1.01, 0.194, -0.075, 3.479, -0.671, -114.868, -161.73, 77.151, -48.636, 100.400, -36.693, 26.200, 24.36, -0.35049, -0.72723, 0.06555, 0.5864,
 13:48:11.144,ff:bd:0d:cb:d7:a7, 2085-113-58 00:60:60:-5261, -1.048, 0.194, -0.075, 3.479, -0.671, -114.868, -161.73, 77.151, -48.636, 102.800, -35.073, -2.300, 24.36, -0.35049, -0.72723, 0.06555, 0.5864,
 13:48:11.159,f9:a2:89:42:44:2c, 2085-97-209 255:55:249:-1083, -0.041, -0.849, -0.543, 10.193, -11.353, 16.113, -30.526, -41.748, -63.858, -41.300, 0.627, 20.600, 24.36, 0.3981, -0.74905, 0.46179, -0.25894,
 13:48:11.203,ff:bd:0d:cb:d7:a7, 2085-97-158 247:170:00:-155, -1.048, 0.083, -0.076, 3.723, -0.244, -118.042, -150.694, 82.59, -37.595, 102.800, -35.073, -2.300, 24.36, -0.35049, -0.72723, 0.06555, 0.5864,
 13:48:11.203,ff:bd:0d:cb:d7:a7, 2085-113-81 00:96:234:-23576, -1.007, 0.083, -0.076, 3.723, -0.244, -118.042, -150.694, 82.59, -37.595, 102.800, -35.073, -2.300, 24.36, -0.35049, -0.72723, 0.06555, 0.5864,
 13:48:11.203,ff:bd:0d:cb:d7:a7, 2085-113-81 00:96:234:-23576, -1.007, -0.001, -0.068, 3.601, -0.671, -114.319, -111.841, 86.852, 1.236, 102.800, -35.073, -2.300, 24.36, -0.35049, -0.72723, 0.06555, 0.5864,
 13:48:11.234,ff:bd:0d:cb:d7:a7, 2085-113-81 00:96:234:-23576, -1.007, -0.001, -0.068, 3.601, -0.671, -114.319, -111.841, 86.852, 1.236, 102.800, -35.073, -2.300, 24.36, -0.16895, -0.71948, -0.13065, 0.66077,
 13:48:11.234,ff:bd:0d:cb:d7:a7, 2085-97-16 248:44:255:-134, -0.992, -0.001, -0.068, 3.601, -0.671, -114.319, -111.841, 86.852, 1.236, 102.800, -35.073, -2.300, 24.36, -0.16895, -0.71948, -0.13065, 0.66077,
 13:48:11.250,f9:a2:89:42:44:2c, 2085-97-125 255:38:249:-1042, -0.089, -0.853, -0.521, 12.756, -14.282, 19.897, -29.323, -39.54, -63.737, -41.300, 0.627, 20.600, 24.36, 0.44803, -0.72165, 0.47507, -0.22949,
 13:48:11.309,f9:a2:89:42:44:2c, 2085-113-100 00:137:01:000, -0.116, -0.86, -0.498, 16.296, -17.944, 25.146, -27.762, -36.716, -63.506, -41.300, 0.627, 20.600, 24.36, 0.44803, -0.72165, 0.47507, -0.22949,
 13:48:11.325,ff:bd:0d:cb:d7:a7, 2085-97-16 248:44:255:-134, -0.974, -0.104, -0.065, 3.418, -0.488, -111.694, -42.984, 85.573, 70.087, 102.800, -35.073, -2.300, 24.36, -0.16895, -0.71948, -0.13065, 0.66077,
 13:48:11.354,ff:bd:0d:cb:d7:a7, 2085-97-54 248:95:254:-131, -0.974, -0.204, -0.064, 3.174, -0.671, -107.727, -20.588, 80.859, 92.472, 102.800, -35.073, -2.300, 24.36, -0.16895, -0.71948, -0.13065, 0.66077,
 13:48:11.354,ff:bd:0d:cb:d7:a7, 2085-97-86 248:156:253:-127, -0.958, -0.204, -0.064, 3.174, -0.671, -107.727, -20.588, 80.859, 92.472, 102.800, -35.073, -2.300, 24.36, -0.16895, -0.71948, -0.13065, 0.66077,
 13:48:11.385,ff:bd:0d:cb:d7:a7, 2085-97-86 248:156:253:-127, -0.91, -0.299, -0.062, 3.296, -0.671, -110.779, -12.689, 75.591, 100.36, 102.800, -35.073, -2.300, 24.36, -0.16895, -0.71948, -0.13065, 0.66077,
 13:48:11.400,f9:a2:89:42:44:2c, 2085-97-234 254:01:249:-971, -0.169, -0.864, -0.48, 17.639, -19.409, 27.283, -26.867, -35.101, -63.342, -41.300, 0.627, 20.600, 24.06, 0.44803, -0.72165, 0.47507, -0.22949,
